{
	"credit": "LayerStack - Tim Bennett 2024",
	"textures": {
		"0": "template:item/trim",
		"1": "template:item/base",
		"2": "template:item/tooth",
		"particle": "template:item/trim"
	},
	"elements": [
		{
			"name": "base",
			"from": [3.4, -0.1, 3.4],
			"to": [12.6, 1.1, 12.6],
			"rotation": {"angle": 0, "axis": "z", "origin": [4, 0, 3]},
			"faces": {
				"north": {"uv": [2, 11, 6.5, 11.5], "texture": "#1"},
				"east": {"uv": [11, 10, 15.5, 10.5], "texture": "#1"},
				"south": {"uv": [11, 10.5, 15.5, 11], "texture": "#1"},
				"west": {"uv": [11, 11, 15.5, 11.5], "texture": "#1"},
				"up": {"uv": [4.5, 4.5, 0, 0], "texture": "#1"},
				"down": {"uv": [4.5, 4.5, 0, 9], "texture": "#1"}
			}
		},
		{
			"name": "left",
			"from": [9.68533, 0.52024, 4.4],
			"to": [10.88533, 3.22024, 11.6],
			"rotation": {"angle": 22.5, "axis": "z", "origin": [10.28533, 5.12024, 8]},
			"faces": {
				"north": {"uv": [8.5, 11, 9, 12.5], "texture": "#1"},
				"east": {"uv": [4.5, 7, 8, 8.5], "texture": "#1"},
				"south": {"uv": [11.5, 7.5, 12, 9], "texture": "#1"},
				"west": {"uv": [8, 0, 11.5, 1.5], "texture": "#1"},
				"up": {"uv": [7, 14.5, 6.5, 11], "texture": "#1"},
				"down": {"uv": [7.5, 11, 7, 14.5], "texture": "#1"}
			}
		},
		{
			"name": "rear",
			"from": [4.4, 0.52024, 9.68533],
			"to": [11.6, 3.22024, 10.88533],
			"rotation": {"angle": -22.5, "axis": "x", "origin": [8, 5.12024, 10.28533]},
			"faces": {
				"north": {"uv": [8, 1.5, 11.5, 3], "texture": "#1"},
				"east": {"uv": [11, 11.5, 11.5, 13], "texture": "#1"},
				"south": {"uv": [8, 3, 11.5, 4.5], "texture": "#1"},
				"west": {"uv": [11.5, 11.5, 12, 13], "texture": "#1"},
				"up": {"uv": [15, 4, 11.5, 3.5], "texture": "#1"},
				"down": {"uv": [15, 4, 11.5, 4.5], "texture": "#1"}
			}
		},
		{
			"name": "right",
			"from": [5.11467, 0.52024, 4.4],
			"to": [6.31467, 3.22024, 11.6],
			"rotation": {"angle": -22.5, "axis": "z", "origin": [5.71467, 5.12024, 8]},
			"faces": {
				"north": {"uv": [2, 12, 2.5, 13.5], "texture": "#1"},
				"east": {"uv": [8, 4.5, 11.5, 6], "texture": "#1"},
				"south": {"uv": [2.5, 12, 3, 13.5], "texture": "#1"},
				"west": {"uv": [8, 6, 11.5, 7.5], "texture": "#1"},
				"up": {"uv": [8, 14.5, 7.5, 11], "texture": "#1"},
				"down": {"uv": [8.5, 11, 8, 14.5], "texture": "#1"}
			}
		},
		{
			"name": "front",
			"from": [4.4, 0.7095, 3.16319],
			"to": [11.6, 3.4095, 4.36319],
			"rotation": {"angle": 22.5, "axis": "x", "origin": [4, 0.3095, 4.26319]},
			"faces": {
				"north": {"uv": [8, 7.5, 11.5, 9], "texture": "#1"},
				"east": {"uv": [3, 12, 3.5, 13.5], "texture": "#1"},
				"south": {"uv": [4.5, 8.5, 8, 10], "texture": "#1"},
				"west": {"uv": [3.5, 12, 4, 13.5], "texture": "#1"},
				"up": {"uv": [15, 5, 11.5, 4.5], "texture": "#1"},
				"down": {"uv": [15, 5, 11.5, 5.5], "texture": "#1"}
			}
		},
		{
			"name": "lid",
			"from": [4.4, 2.4, 4.4],
			"to": [11.6, 3.6, 11.6],
			"rotation": {"angle": 0, "axis": "z", "origin": [4, 2.5, 3]},
			"faces": {
				"north": {"uv": [11.5, 5.5, 15, 6], "texture": "#1"},
				"east": {"uv": [11.5, 6, 15, 6.5], "texture": "#1"},
				"south": {"uv": [11.5, 6.5, 15, 7], "texture": "#1"},
				"west": {"uv": [11.5, 7, 15, 7.5], "texture": "#1"},
				"up": {"uv": [8, 3.5, 4.5, 0], "texture": "#1"},
				"down": {"uv": [8, 3.5, 4.5, 7], "texture": "#1"}
			}
		},
		{
			"name": "rear",
			"from": [3.4, 0.27528, 12.28666],
			"to": [12.6, 1.47528, 14.48666],
			"rotation": {"angle": -22.5, "axis": "x", "origin": [8, 0.87528, 13.38666]},
			"faces": {
				"north": {"uv": [11.5, 0, 16, 0.5], "texture": "#1"},
				"east": {"uv": [4, 12, 5, 12.5], "texture": "#1"},
				"south": {"uv": [11.5, 0.5, 16, 1], "texture": "#1"},
				"west": {"uv": [5, 12, 6, 12.5], "texture": "#1"},
				"up": {"uv": [4.5, 10, 0, 9], "texture": "#1"},
				"down": {"uv": [12.5, 9, 8, 10], "texture": "#1"}
			}
		},
		{
			"name": "front",
			"from": [3.4, -0.47528, 1.51334],
			"to": [12.6, 0.72472, 3.71334],
			"rotation": {"angle": -22.5, "axis": "x", "origin": [8, 0.12472, 2.61334]},
			"faces": {
				"north": {"uv": [11.5, 1, 16, 1.5], "texture": "#1"},
				"east": {"uv": [12, 7.5, 13, 8], "texture": "#1"},
				"south": {"uv": [11.5, 1.5, 16, 2], "texture": "#1"},
				"west": {"uv": [12, 8, 13, 8.5], "texture": "#1"},
				"up": {"uv": [4.5, 11, 0, 10], "texture": "#1"},
				"down": {"uv": [9, 10, 4.5, 11], "texture": "#1"}
			}
		},
		{
			"name": "left",
			"from": [12.21054, 0.65796, 3.4],
			"to": [14.41054, 1.85796, 12.6],
			"rotation": {"angle": 22.5, "axis": "z", "origin": [14.31054, 1.25796, 8]},
			"faces": {
				"north": {"uv": [12, 8.5, 13, 9], "texture": "#1"},
				"east": {"uv": [2, 11.5, 6.5, 12], "texture": "#1"},
				"south": {"uv": [12, 11.5, 13, 12], "texture": "#1"},
				"west": {"uv": [11.5, 2, 16, 2.5], "texture": "#1"},
				"up": {"uv": [10, 14.5, 9, 10], "texture": "#1"},
				"down": {"uv": [11, 10, 10, 14.5], "texture": "#1"}
			}
		},
		{
			"name": "right",
			"from": [1.58946, 0.65796, 3.4],
			"to": [3.78946, 1.85796, 12.6],
			"rotation": {"angle": -22.5, "axis": "z", "origin": [1.68946, 1.25796, 8]},
			"faces": {
				"north": {"uv": [12, 12, 13, 12.5], "texture": "#1"},
				"east": {"uv": [11.5, 2.5, 16, 3], "texture": "#1"},
				"south": {"uv": [4, 12.5, 5, 13], "texture": "#1"},
				"west": {"uv": [11.5, 3, 16, 3.5], "texture": "#1"},
				"up": {"uv": [1, 15.5, 0, 11], "texture": "#1"},
				"down": {"uv": [2, 11, 1, 15.5], "texture": "#1"}
			}
		},
		{
			"name": "left",
			"from": [9.13533, 0.47024, 4.1],
			"to": [10.93533, 1.52024, 11.9],
			"rotation": {"angle": 22.5, "axis": "z", "origin": [10.03533, 5.37024, 8]},
			"faces": {
				"north": {"uv": [2, 8, 3, 9], "texture": "#0"},
				"east": {"uv": [0, 0, 7, 1], "texture": "#0"},
				"south": {"uv": [3, 8, 4, 9], "texture": "#0"},
				"west": {"uv": [0, 1, 7, 2], "texture": "#0"},
				"up": {"uv": [1, 9, 0, 2], "texture": "#0"},
				"down": {"uv": [2, 2, 1, 9], "texture": "#0"}
			}
		},
		{
			"name": "rear",
			"from": [4.1, 0.22024, 9.13533],
			"to": [11.9, 1.52024, 10.93533],
			"rotation": {"angle": -22.5, "axis": "x", "origin": [8, 5.12024, 10.03533]},
			"faces": {
				"north": {"uv": [2, 2, 9, 3], "texture": "#0"},
				"east": {"uv": [4, 8, 5, 9], "texture": "#0"},
				"south": {"uv": [2, 3, 9, 4], "texture": "#0"},
				"west": {"uv": [5, 8, 6, 9], "texture": "#0"},
				"up": {"uv": [9, 5, 2, 4], "texture": "#0"},
				"down": {"uv": [9, 5, 2, 6], "texture": "#0"}
			}
		},
		{
			"name": "right",
			"from": [4.81467, -0.27976, 4.1],
			"to": [5.61467, 1.52024, 11.9],
			"rotation": {"angle": -22.5, "axis": "z", "origin": [5.71467, 4.62024, 8]},
			"faces": {
				"north": {"uv": [0, 0, 0, 1], "texture": "#0"},
				"east": {"uv": [2, 6, 9, 7], "texture": "#0"},
				"south": {"uv": [0, 0, 0, 1], "texture": "#0"},
				"west": {"uv": [7, 0, 14, 1], "texture": "#0"},
				"up": {"uv": [0, 7, 0, 0], "texture": "#0"},
				"down": {"uv": [0, 0, 0, 7], "texture": "#0"}
			}
		},
		{
			"name": "front",
			"from": [4.1, -0.3405, 3.11319],
			"to": [11.9, 1.7095, 3.91319],
			"rotation": {"angle": 22.5, "axis": "x", "origin": [4, 0.5595, 4.51319]},
			"faces": {
				"north": {"uv": [7, 1, 14, 2], "texture": "#0"},
				"east": {"uv": [0, 0, 0, 1], "texture": "#0"},
				"south": {"uv": [2, 7, 9, 8], "texture": "#0"},
				"west": {"uv": [0, 0, 0, 1], "texture": "#0"},
				"up": {"uv": [7, 0, 0, 0], "texture": "#0"},
				"down": {"uv": [7, 0, 0, 0], "texture": "#0"}
			}
		},
		{
			"from": [10.5, 1.25, 2.75],
			"to": [11, 3, 3],
			"rotation": {"angle": 22.5, "axis": "x", "origin": [10.5, 0.75, 3.75]},
			"faces": {
				"north": {"uv": [0, 0, 1, 2], "texture": "#2"},
				"east": {"uv": [1, 0, 2, 2], "texture": "#2"},
				"south": {"uv": [0, 2, 1, 4], "texture": "#2"},
				"west": {"uv": [2, 0, 3, 2], "texture": "#2"},
				"up": {"uv": [1, 5, 0, 4], "texture": "#2"},
				"down": {"uv": [5, 0, 4, 1], "texture": "#2"}
			}
		},
		{
			"from": [10.5, 1.25, 3],
			"to": [11, 3, 3.25],
			"rotation": {"angle": 22.5, "axis": "x", "origin": [10.5, 0.75, 4]},
			"faces": {
				"north": {"uv": [1, 2, 2, 4], "texture": "#2"},
				"east": {"uv": [2, 2, 3, 4], "texture": "#2"},
				"south": {"uv": [3, 0, 4, 2], "texture": "#2"},
				"west": {"uv": [3, 2, 4, 4], "texture": "#2"},
				"up": {"uv": [2, 5, 1, 4], "texture": "#2"},
				"down": {"uv": [5, 1, 4, 2], "texture": "#2"}
			}
		},
		{
			"from": [10, 1.25, 2.75],
			"to": [11, 3, 3],
			"rotation": {"angle": 22.5, "axis": "x", "origin": [10.5, 0.75, 3.75]},
			"faces": {
				"north": {"uv": [0, 0, 1, 2], "texture": "#2"},
				"east": {"uv": [1, 0, 2, 2], "texture": "#2"},
				"south": {"uv": [0, 2, 1, 4], "texture": "#2"},
				"west": {"uv": [2, 0, 3, 2], "texture": "#2"},
				"up": {"uv": [1, 5, 0, 4], "texture": "#2"},
				"down": {"uv": [5, 0, 4, 1], "texture": "#2"}
			}
		},
		{
			"from": [10, 1.25, 3],
			"to": [11, 3, 3.25],
			"rotation": {"angle": 22.5, "axis": "x", "origin": [10.5, 0.75, 4]},
			"faces": {
				"north": {"uv": [1, 2, 2, 4], "texture": "#2"},
				"east": {"uv": [2, 2, 3, 4], "texture": "#2"},
				"south": {"uv": [3, 0, 4, 2], "texture": "#2"},
				"west": {"uv": [3, 2, 4, 4], "texture": "#2"},
				"up": {"uv": [2, 5, 1, 4], "texture": "#2"},
				"down": {"uv": [5, 1, 4, 2], "texture": "#2"}
			}
		},
		{
			"from": [8.5, 1.25, 2.75],
			"to": [9.5, 3, 3],
			"rotation": {"angle": 22.5, "axis": "x", "origin": [9, 0.75, 3.75]},
			"faces": {
				"north": {"uv": [0, 0, 1, 2], "texture": "#2"},
				"east": {"uv": [1, 0, 2, 2], "texture": "#2"},
				"south": {"uv": [0, 2, 1, 4], "texture": "#2"},
				"west": {"uv": [2, 0, 3, 2], "texture": "#2"},
				"up": {"uv": [1, 5, 0, 4], "texture": "#2"},
				"down": {"uv": [5, 0, 4, 1], "texture": "#2"}
			}
		},
		{
			"from": [8.5, 1.25, 3],
			"to": [9.5, 3, 3.25],
			"rotation": {"angle": 22.5, "axis": "x", "origin": [9, 0.75, 4]},
			"faces": {
				"north": {"uv": [1, 2, 2, 4], "texture": "#2"},
				"east": {"uv": [2, 2, 3, 4], "texture": "#2"},
				"south": {"uv": [3, 0, 4, 2], "texture": "#2"},
				"west": {"uv": [3, 2, 4, 4], "texture": "#2"},
				"up": {"uv": [2, 5, 1, 4], "texture": "#2"},
				"down": {"uv": [5, 1, 4, 2], "texture": "#2"}
			}
		},
		{
			"from": [7, 1.25, 2.75],
			"to": [8, 3, 3],
			"rotation": {"angle": 22.5, "axis": "x", "origin": [7.5, 0.75, 3.75]},
			"faces": {
				"north": {"uv": [0, 0, 1, 2], "texture": "#2"},
				"east": {"uv": [1, 0, 2, 2], "texture": "#2"},
				"south": {"uv": [0, 2, 1, 4], "texture": "#2"},
				"west": {"uv": [2, 0, 3, 2], "texture": "#2"},
				"up": {"uv": [1, 5, 0, 4], "texture": "#2"},
				"down": {"uv": [5, 0, 4, 1], "texture": "#2"}
			}
		},
		{
			"from": [7, 1.25, 3],
			"to": [8, 3, 3.25],
			"rotation": {"angle": 22.5, "axis": "x", "origin": [7.5, 0.75, 4]},
			"faces": {
				"north": {"uv": [1, 2, 2, 4], "texture": "#2"},
				"east": {"uv": [2, 2, 3, 4], "texture": "#2"},
				"south": {"uv": [3, 0, 4, 2], "texture": "#2"},
				"west": {"uv": [3, 2, 4, 4], "texture": "#2"},
				"up": {"uv": [2, 5, 1, 4], "texture": "#2"},
				"down": {"uv": [5, 1, 4, 2], "texture": "#2"}
			}
		}
	],
	"display": {
		"thirdperson_righthand": {
			"translation": [0, 4, 0],
			"scale": [0.5, 0.5, 0.5]
		},
		"thirdperson_lefthand": {
			"translation": [0, 4, 0],
			"scale": [0.5, 0.5, 0.5]
		},
		"firstperson_righthand": {
			"translation": [1, 5, 0],
			"scale": [0.5, 0.5, 0.5]
		},
		"firstperson_lefthand": {
			"translation": [1, 5, 0],
			"scale": [0.5, 0.5, 0.5]
		},
		"ground": {
			"translation": [0, 5.25, 0]
		},
		"gui": {
			"translation": [0.25, 6.25, 0],
			"scale": [1, 1, 1.5918]
		},
		"head": {
			"rotation": [4.75, 0, 9],
			"translation": [-2.25, 18, 1.25],
			"scale": [1.6, 1.6, 1.6]
		},
		"fixed": {
			"translation": [0, 6.75, 2.75]
		}
	},
	"groups": [
		{
			"name": "base",
			"origin": [4, 0, 3],
			"color": 0,
			"children": [0]
		},
		{
			"name": "crown",
			"origin": [4, 0.3095, 4.26319],
			"color": 0,
			"children": [1, 2, 3, 4, 5]
		},
		{
			"name": "brim",
			"origin": [1.68946, 1.25796, 8],
			"color": 0,
			"children": [6, 7, 8, 9]
		},
		{
			"name": "trim",
			"origin": [4, 0.3095, 4.26319],
			"color": 0,
			"children": [10, 11, 12, 13]
		},
		{
			"name": "group",
			"origin": [10.5, 0.5, 3.25],
			"color": 0,
			"children": [14, 15]
		},
		{
			"name": "group",
			"origin": [10.5, 0.5, 3.25],
			"color": 0,
			"children": [16, 17]
		},
		{
			"name": "group",
			"origin": [10.5, 0.5, 3.25],
			"color": 0,
			"children": [18, 19]
		},
		{
			"name": "group",
			"origin": [10.5, 0.5, 3.25],
			"color": 0,
			"children": [20, 21]
		}
	]
}