{
	"credit": "LayerStack - Tim Bennett 2024",	"texture_size": [64, 64],
	"textures": {
		"0": "template:item/hardhat/hardhat",
		"particle": "template:item/hardhat/hardhat"
	},
	"elements": [
		{
			"name": "Base",
			"from": [3.4, 0, 3.3],
			"to": [12.6, 4.2, 12.5],
			"rotation": {"angle": 0, "axis": "y", "origin": [7.25, 0.35, 7.9]},
			"faces": {
				"north": {"uv": [5.5, 2.75, 7.75, 3.5], "texture": "#0"},
				"east": {"uv": [5.25, 5.5, 7.5, 6.25], "texture": "#0"},
				"south": {"uv": [0, 5.75, 2.25, 6.5], "texture": "#0"},
				"west": {"uv": [2.25, 5.75, 4.5, 6.5], "texture": "#0"},
				"up": {"uv": [2.25, 5.75, 0, 3.5], "texture": "#0"},
				"down": {"uv": [4.5, 3.5, 2.25, 5.75], "texture": "#0"}
			}
		},
		{
			"name": "Base",
			"from": [2.4, -0.2, 1.3],
			"to": [13.6, 0, 15],
			"rotation": {"angle": 0, "axis": "y", "origin": [8.25, 0.15, 7.9]},
			"faces": {
				"north": {"uv": [0, 0, 2.75, 0], "texture": "#0"},
				"east": {"uv": [0, 0, 3.375, 0], "texture": "#0"},
				"south": {"uv": [0, 0, 2.75, 0], "texture": "#0"},
				"west": {"uv": [0, 0, 3.375, 0], "texture": "#0"},
				"up": {"uv": [2.75, 3.375, 0, 0], "texture": "#0"},
				"down": {"uv": [5.5, 0, 2.75, 3.375], "texture": "#0"}
			}
		},
		{
			"name": "Base",
			"from": [3.5, -0.2, 0.4],
			"to": [12.5, -0.1, 1.4],
			"rotation": {"angle": 0, "axis": "y", "origin": [8.25, 0.05, -6.1]},
			"faces": {
				"north": {"uv": [0, 0, 2.25, 0], "texture": "#0"},
				"east": {"uv": [0, 0, 0.25, 0], "texture": "#0"},
				"south": {"uv": [0, 0, 2.25, 0], "texture": "#0"},
				"west": {"uv": [0, 0, 0.25, 0], "texture": "#0"},
				"up": {"uv": [8.5, 2.25, 6.25, 2], "texture": "#0"},
				"down": {"uv": [8.5, 2.25, 6.25, 2.5], "texture": "#0"}
			}
		},
		{
			"name": "Base",
			"from": [4.5, -0.2, -0.6],
			"to": [11.5, -0.2, 0.4],
			"rotation": {"angle": 0, "axis": "y", "origin": [8.25, 0.05, -7.1]},
			"faces": {
				"north": {"uv": [0, 0, 1.75, 0], "texture": "#0"},
				"east": {"uv": [0, 0, 0.25, 0], "texture": "#0"},
				"south": {"uv": [0, 0, 1.75, 0], "texture": "#0"},
				"west": {"uv": [0, 0, 0.25, 0], "texture": "#0"},
				"up": {"uv": [8, 2.75, 6.25, 2.5], "texture": "#0"},
				"down": {"uv": [7, 6.25, 5.25, 6.5], "texture": "#0"}
			}
		},
		{
			"name": "Base",
			"from": [6.4, 0, 2.55],
			"to": [9.6, 4.95, 13.25],
			"rotation": {"angle": 0, "axis": "y", "origin": [7.25, 1.35, 7.9]},
			"faces": {
				"north": {"uv": [6.25, 0, 7, 1], "texture": "#0"},
				"east": {"uv": [4.5, 3.5, 7.25, 4.5], "texture": "#0"},
				"south": {"uv": [6.25, 1, 7, 2], "texture": "#0"},
				"west": {"uv": [4.5, 4.5, 7.25, 5.5], "texture": "#0"},
				"up": {"uv": [6.25, 2.75, 5.5, 0], "texture": "#0"},
				"down": {"uv": [5.25, 5.5, 4.5, 8.25], "texture": "#0"}
			}
		}
	],
	"display": {
		"thirdperson_righthand": {
			"translation": [0, 4.5, 0],
			"scale": [0.5, 0.5, 0.5]
		},
		"thirdperson_lefthand": {
			"translation": [0, 4.5, 0],
			"scale": [0.5, 0.5, 0.5]
		},
		"firstperson_righthand": {
			"translation": [2, 4.75, 0],
			"scale": [0.5, 0.5, 0.5]
		},
		"firstperson_lefthand": {
			"translation": [2, 4.75, 0],
			"scale": [0.5, 0.5, 0.5]
		},
		"ground": {
			"translation": [0, 5, 0]
		},
		"gui": {
			"translation": [0, 7.25, 0],
			"scale": [1.3, 1.3, 1.3]
		},
		"head": {
			"translation": [0, 16.75, 0.25],
			"scale": [1.6, 1.6, 1.6]
		},
		"fixed": {
			"translation": [0, 9, 6.5],
			"scale": [1.5, 1.5, 1.5]
		}
	}
}