{
	"credit": "LayerStack - Tim Bennett 2024",
	"texture_size": [8, 8],
	"textures": {
		"0": "template:item/witch/sections",
		"1": "template:item/witch/trim",
		"3": "template:item/witch/brim",
		"4": "template:itemwitch/string",
		"5": "template:item/witch/feather",
		"6": "template:item/witch/buckle",
		"7": "template:item/witch/knot",
		"particle": "template:item/witch/sections"
	},
	"elements": [
		{
			"name": "1",
			"from": [3, 0, 3],
			"to": [13, 4, 13],
			"rotation": {"angle": 0, "axis": "y", "origin": [3, -2, 3]},
			"faces": {
				"north": {"uv": [2.5, 4, 5, 5.5], "texture": "#0"},
				"east": {"uv": [4.5, 0, 7, 1.5], "texture": "#0"},
				"south": {"uv": [4.5, 1.5, 7, 3], "texture": "#0"},
				"west": {"uv": [0, 5, 2.5, 6.5], "texture": "#0"},
				"up": {"uv": [2.5, 2.5, 0, 0], "texture": "#0"},
				"down": {"uv": [2.5, 2.5, 0, 5], "texture": "#0"}
			}
		},
		{
			"name": "2",
			"from": [4, 1.74123, 7.23058],
			"to": [12, 7.84123, 15.23058],
			"rotation": {"angle": 22.5, "axis": "x", "origin": [8, 10.99123, 11.29308]},
			"faces": {
				"north": {"uv": [5, 3, 7, 4.5], "texture": "#0"},
				"east": {"uv": [5, 4.5, 7, 6], "texture": "#0"},
				"south": {"uv": [2.5, 5.5, 4.5, 7], "texture": "#0"},
				"west": {"uv": [4.5, 6, 6.5, 7.5], "texture": "#0"},
				"up": {"uv": [4.5, 2, 2.5, 0], "texture": "#0"},
				"down": {"uv": [4.5, 2, 2.5, 4], "texture": "#0"}
			}
		},
		{
			"name": "3",
			"from": [5, 5.42586, 7.94721],
			"to": [11, 11.42586, 13.94721],
			"rotation": {"angle": 45, "axis": "x", "origin": [8, 8.67586, 11.00971]},
			"faces": {
				"north": {"uv": [0, 6.5, 1.5, 8], "texture": "#0"},
				"east": {"uv": [6.5, 6, 8, 7.5], "texture": "#0"},
				"south": {"uv": [7, 0, 8.5, 1.5], "texture": "#0"},
				"west": {"uv": [1.5, 7, 3, 8.5], "texture": "#0"},
				"up": {"uv": [8.5, 3, 7, 1.5], "texture": "#0"},
				"down": {"uv": [4.5, 7, 3, 8.5], "texture": "#0"}
			}
		},
		{
			"name": "4",
			"from": [6, 7.23836, 12.40971],
			"to": [10, 11.23836, 16.40971],
			"rotation": {"angle": -22.5, "axis": "x", "origin": [8, 9.17586, 9.65971]},
			"faces": {
				"north": {"uv": [7, 3, 8, 4], "texture": "#0"},
				"east": {"uv": [7, 4, 8, 5], "texture": "#0"},
				"south": {"uv": [7, 5, 8, 6], "texture": "#0"},
				"west": {"uv": [4.5, 7.5, 5.5, 8.5], "texture": "#0"},
				"up": {"uv": [6.5, 8.5, 5.5, 7.5], "texture": "#0"},
				"down": {"uv": [7.5, 7.5, 6.5, 8.5], "texture": "#0"}
			}
		},
		{
			"name": "5",
			"from": [7, 11.1994, 15.29586],
			"to": [9, 13.1994, 17.29586],
			"rotation": {"angle": 0, "axis": "x", "origin": [8, 12.1994, 16.29586]},
			"faces": {
				"north": {"uv": [4.5, 3, 5, 3.5], "texture": "#0"},
				"east": {"uv": [4.5, 3.5, 5, 4], "texture": "#0"},
				"south": {"uv": [4.5, 5.5, 5, 6], "texture": "#0"},
				"west": {"uv": [1.5, 6.5, 2, 7], "texture": "#0"},
				"up": {"uv": [2.5, 7, 2, 6.5], "texture": "#0"},
				"down": {"uv": [8, 7.5, 7.5, 8], "texture": "#0"}
			}
		},
		{
			"name": "6",
			"from": [7.5, 11.6994, 17.29586],
			"to": [8.5, 12.6994, 18.29586],
			"rotation": {"angle": 0, "axis": "x", "origin": [8, 12.1994, 18.29586]},
			"faces": {
				"north": {"uv": [0, 8, 0.25, 8.25], "texture": "#0"},
				"east": {"uv": [0.25, 8, 0.5, 8.25], "texture": "#0"},
				"south": {"uv": [0.5, 8, 0.75, 8.25], "texture": "#0"},
				"west": {"uv": [0.75, 8, 1, 8.25], "texture": "#0"},
				"up": {"uv": [1.25, 8.25, 1, 8], "texture": "#0"},
				"down": {"uv": [1.5, 8, 1.25, 8.25], "texture": "#0"}
			}
		},
		{
			"name": "front",
			"from": [4, 3.74123, 6.98058],
			"to": [12, 5.74123, 7.98058],
			"rotation": {"angle": 22.5, "axis": "x", "origin": [8, 10.99123, 11.29308]},
			"faces": {
				"north": {"uv": [0, 3, 4, 4], "texture": "#1"},
				"east": {"uv": [5.5, 3, 6, 4], "texture": "#1"},
				"south": {"uv": [3.5, 0, 7.5, 1], "texture": "#1"},
				"west": {"uv": [7.5, 0, 8, 1], "texture": "#1"},
				"up": {"uv": [7.5, 1.5, 3.5, 1], "texture": "#1"},
				"down": {"uv": [7.5, 1.5, 3.5, 2], "texture": "#1"}
			}
		},
		{
			"name": "rear",
			"from": [4.75, 4.74123, 15.23058],
			"to": [11.25, 7.74123, 15.48058],
			"rotation": {"angle": 22.5, "axis": "x", "origin": [8, 10.99123, 11.29308]},
			"faces": {
				"north": {"uv": [0, 0, 3.5, 1.5], "texture": "#1"},
				"east": {"uv": [4.5, 5, 5, 6.5], "texture": "#1"},
				"south": {"uv": [0, 1.5, 3.5, 3], "texture": "#1"},
				"west": {"uv": [5, 5, 5.5, 6.5], "texture": "#1"},
				"up": {"uv": [7, 2.5, 3.5, 2], "texture": "#1"},
				"down": {"uv": [7, 2.5, 3.5, 3], "texture": "#1"}
			}
		},
		{
			"from": [11.25, 4.74123, 14.23058],
			"to": [12.25, 7.74123, 15.48058],
			"rotation": {"angle": 22.5, "axis": "x", "origin": [8, 10.99123, 11.29308]},
			"faces": {
				"north": {"uv": [5.5, 5, 6, 6.5], "texture": "#1"},
				"east": {"uv": [0, 6, 0.5, 7.5], "texture": "#1"},
				"south": {"uv": [0.5, 6, 1, 7.5], "texture": "#1"},
				"west": {"uv": [1, 6, 1.5, 7.5], "texture": "#1"},
				"up": {"uv": [8, 3.5, 7.5, 3], "texture": "#1"},
				"down": {"uv": [4, 7.5, 3.5, 8], "texture": "#1"}
			}
		},
		{
			"from": [11.25, 4.74123, 11.23058],
			"to": [12.25, 6.74123, 14.23058],
			"rotation": {"angle": 22.5, "axis": "x", "origin": [8, 10.99123, 11.29308]},
			"faces": {
				"north": {"uv": [0.5, 7.5, 1, 8.5], "texture": "#1"},
				"east": {"uv": [0, 4, 1.5, 5], "texture": "#1"},
				"south": {"uv": [1, 7.5, 1.5, 8.5], "texture": "#1"},
				"west": {"uv": [1.5, 4, 3, 5], "texture": "#1"},
				"up": {"uv": [2, 7.5, 1.5, 6], "texture": "#1"},
				"down": {"uv": [2.5, 6, 2, 7.5], "texture": "#1"}
			}
		},
		{
			"from": [11.25, 3.74123, 10.23058],
			"to": [12.25, 6.74123, 11.23058],
			"rotation": {"angle": 22.5, "axis": "x", "origin": [8, 10.99123, 11.29308]},
			"faces": {
				"north": {"uv": [2.5, 6, 3, 7.5], "texture": "#1"},
				"east": {"uv": [3, 6, 3.5, 7.5], "texture": "#1"},
				"south": {"uv": [6, 3, 6.5, 4.5], "texture": "#1"},
				"west": {"uv": [3.5, 6, 4, 7.5], "texture": "#1"},
				"up": {"uv": [8, 4, 7.5, 3.5], "texture": "#1"},
				"down": {"uv": [4.5, 7.5, 4, 8], "texture": "#1"}
			}
		},
		{
			"from": [12, 3.74123, 6.98058],
			"to": [12.25, 5.74123, 10.23058],
			"rotation": {"angle": 22.5, "axis": "x", "origin": [8, 10.99123, 11.29308]},
			"faces": {
				"north": {"uv": [7.5, 1, 8, 2], "texture": "#1"},
				"east": {"uv": [3, 4, 4.5, 5], "texture": "#1"},
				"south": {"uv": [1.5, 7.5, 2, 8.5], "texture": "#1"},
				"west": {"uv": [4, 3, 5.5, 4], "texture": "#1"},
				"up": {"uv": [4.5, 7.5, 4, 6], "texture": "#1"},
				"down": {"uv": [6.5, 4.5, 6, 6], "texture": "#1"}
			}
		},
		{
			"from": [3.75, 4.74123, 14.23058],
			"to": [4.75, 7.74123, 15.48058],
			"rotation": {"angle": 22.5, "axis": "x", "origin": [8, 10.99123, 11.29308]},
			"faces": {
				"north": {"uv": [6, 6, 6.5, 7.5], "texture": "#1"},
				"east": {"uv": [6.5, 3, 7, 4.5], "texture": "#1"},
				"south": {"uv": [4.5, 6.5, 5, 8], "texture": "#1"},
				"west": {"uv": [6.5, 4.5, 7, 6], "texture": "#1"},
				"up": {"uv": [8, 4.5, 7.5, 4], "texture": "#1"},
				"down": {"uv": [8, 4.5, 7.5, 5], "texture": "#1"}
			}
		},
		{
			"from": [3.75, 4.74123, 11.23058],
			"to": [4.75, 6.74123, 14.23058],
			"rotation": {"angle": 22.5, "axis": "x", "origin": [8, 10.99123, 11.29308]},
			"faces": {
				"north": {"uv": [2, 7.5, 2.5, 8.5], "texture": "#1"},
				"east": {"uv": [4.5, 4, 6, 5], "texture": "#1"},
				"south": {"uv": [7.5, 2, 8, 3], "texture": "#1"},
				"west": {"uv": [0, 5, 1.5, 6], "texture": "#1"},
				"up": {"uv": [5.5, 8, 5, 6.5], "texture": "#1"},
				"down": {"uv": [6, 6.5, 5.5, 8], "texture": "#1"}
			}
		},
		{
			"from": [3.75, 3.74123, 10.23058],
			"to": [4.75, 6.74123, 11.23058],
			"rotation": {"angle": 22.5, "axis": "x", "origin": [8, 10.99123, 11.29308]},
			"faces": {
				"north": {"uv": [6.5, 6, 7, 7.5], "texture": "#1"},
				"east": {"uv": [7, 2, 7.5, 3.5], "texture": "#1"},
				"south": {"uv": [7, 3.5, 7.5, 5], "texture": "#1"},
				"west": {"uv": [7, 5, 7.5, 6.5], "texture": "#1"},
				"up": {"uv": [8, 5.5, 7.5, 5], "texture": "#1"},
				"down": {"uv": [8, 5.5, 7.5, 6], "texture": "#1"}
			}
		},
		{
			"from": [3.75, 3.74123, 6.98058],
			"to": [4, 5.74123, 10.23058],
			"rotation": {"angle": 22.5, "axis": "x", "origin": [8, 10.99123, 11.29308]},
			"faces": {
				"north": {"uv": [2.5, 7.5, 3, 8.5], "texture": "#1"},
				"east": {"uv": [1.5, 5, 3, 6], "texture": "#1"},
				"south": {"uv": [3, 7.5, 3.5, 8.5], "texture": "#1"},
				"west": {"uv": [3, 5, 4.5, 6], "texture": "#1"},
				"up": {"uv": [7.5, 8, 7, 6.5], "texture": "#1"},
				"down": {"uv": [0.5, 7.5, 0, 9], "texture": "#1"}
			}
		},
		{
			"from": [6, 5.74123, 6.73058],
			"to": [10, 6.74123, 7.73058],
			"rotation": {"angle": 22.5, "axis": "x", "origin": [8, 10.99123, 11.29308]},
			"faces": {
				"north": {"uv": [0, 0, 4, 1], "texture": "#6"},
				"east": {"uv": [8, 2, 9, 3], "texture": "#6"},
				"south": {"uv": [0, 1, 4, 2], "texture": "#6"},
				"west": {"uv": [8, 3, 9, 4], "texture": "#6"},
				"up": {"uv": [4, 3, 0, 2], "texture": "#6"},
				"down": {"uv": [4, 3, 0, 4], "texture": "#6"}
			}
		},
		{
			"from": [7, 4.81735, 6.3479],
			"to": [8, 5.81735, 7.3479],
			"rotation": {"angle": 22.5, "axis": "x", "origin": [7, 10.06735, 10.9104]},
			"faces": {
				"north": {"uv": [4, 8, 5, 9], "texture": "#6"},
				"east": {"uv": [8, 4, 9, 5], "texture": "#6"},
				"south": {"uv": [5, 8, 6, 9], "texture": "#6"},
				"west": {"uv": [8, 5, 9, 6], "texture": "#6"},
				"up": {"uv": [7, 9, 6, 8], "texture": "#6"},
				"down": {"uv": [9, 6, 8, 7], "texture": "#6"}
			}
		},
		{
			"from": [8, 3.89348, 5.96522],
			"to": [9, 4.89348, 6.96522],
			"rotation": {"angle": 22.5, "axis": "x", "origin": [8, 9.14348, 10.52772]},
			"faces": {
				"north": {"uv": [4, 7, 5, 8], "texture": "#6"},
				"east": {"uv": [5, 7, 6, 8], "texture": "#6"},
				"south": {"uv": [6, 7, 7, 8], "texture": "#6"},
				"west": {"uv": [7, 7, 8, 8], "texture": "#6"},
				"up": {"uv": [9, 1, 8, 0], "texture": "#6"},
				"down": {"uv": [9, 1, 8, 2], "texture": "#6"}
			}
		},
		{
			"from": [6, 2.74123, 6.73058],
			"to": [10, 3.74123, 7.73058],
			"rotation": {"angle": 22.5, "axis": "x", "origin": [8, 10.99123, 11.29308]},
			"faces": {
				"north": {"uv": [0, 4, 4, 5], "texture": "#6"},
				"east": {"uv": [7, 8, 8, 9], "texture": "#6"},
				"south": {"uv": [4, 0, 8, 1], "texture": "#6"},
				"west": {"uv": [8, 7, 9, 8], "texture": "#6"},
				"up": {"uv": [8, 2, 4, 1], "texture": "#6"},
				"down": {"uv": [8, 2, 4, 3], "texture": "#6"}
			}
		},
		{
			"from": [10, 2.74123, 6.73058],
			"to": [11, 6.74123, 7.73058],
			"rotation": {"angle": 22.5, "axis": "x", "origin": [8, 10.99123, 11.29308]},
			"faces": {
				"north": {"uv": [4, 3, 5, 7], "texture": "#6"},
				"east": {"uv": [0, 5, 1, 9], "texture": "#6"},
				"south": {"uv": [1, 5, 2, 9], "texture": "#6"},
				"west": {"uv": [2, 5, 3, 9], "texture": "#6"},
				"up": {"uv": [9, 9, 8, 8], "texture": "#6"},
				"down": {"uv": [1, 9, 0, 10], "texture": "#6"}
			}
		},
		{
			"from": [5, 2.74123, 6.73058],
			"to": [6, 6.74123, 7.73058],
			"rotation": {"angle": 22.5, "axis": "x", "origin": [8, 10.99123, 11.29308]},
			"faces": {
				"north": {"uv": [3, 5, 4, 9], "texture": "#6"},
				"east": {"uv": [5, 3, 6, 7], "texture": "#6"},
				"south": {"uv": [6, 3, 7, 7], "texture": "#6"},
				"west": {"uv": [7, 3, 8, 7], "texture": "#6"},
				"up": {"uv": [10, 1, 9, 0], "texture": "#6"},
				"down": {"uv": [2, 9, 1, 10], "texture": "#6"}
			}
		},
		{
			"name": "2",
			"from": [0, 0, 0],
			"to": [16, 0, 16],
			"faces": {
				"north": {"uv": [0, 0, 4, 0], "texture": "#3"},
				"east": {"uv": [0, 0, 4, 0], "texture": "#3"},
				"south": {"uv": [0, 0, 4, 0], "texture": "#3"},
				"west": {"uv": [0, 0, 4, 0], "texture": "#3"},
				"up": {"uv": [4, 4, 0, 0], "texture": "#3"},
				"down": {"uv": [4, 4, 0, 8], "texture": "#3"}
			}
		},
		{
			"name": "3",
			"from": [15.73254, 0.34462, 0],
			"to": [17.73254, 0.34462, 16],
			"rotation": {"angle": 22.5, "axis": "z", "origin": [16.73254, 0.84462, 8]},
			"faces": {
				"north": {"uv": [0, 0, 0.5, 0], "texture": "#3"},
				"east": {"uv": [0, 0, 4, 0], "texture": "#3"},
				"south": {"uv": [0, 0, 0.5, 0], "texture": "#3"},
				"west": {"uv": [0, 0, 4, 0], "texture": "#3"},
				"up": {"uv": [4.5, 4, 4, 0], "texture": "#3"},
				"down": {"uv": [4.5, 4, 4, 8], "texture": "#3"}
			}
		},
		{
			"name": "4",
			"from": [-1.73254, 0.34462, 0],
			"to": [0.26746, 0.34462, 16],
			"rotation": {"angle": -22.5, "axis": "z", "origin": [-0.73254, 0.84462, 8]},
			"faces": {
				"north": {"uv": [0, 0, 0.5, 0], "texture": "#3"},
				"east": {"uv": [0, 0, 4, 0], "texture": "#3"},
				"south": {"uv": [0, 0, 0.5, 0], "texture": "#3"},
				"west": {"uv": [0, 0, 4, 0], "texture": "#3"},
				"up": {"uv": [5, 4, 4.5, 0], "texture": "#3"},
				"down": {"uv": [5, 4, 4.5, 8], "texture": "#3"}
			}
		},
		{
			"name": "3",
			"from": [0, 0.34462, -1.73254],
			"to": [16, 0.34462, 0.26746],
			"rotation": {"angle": 22.5, "axis": "x", "origin": [8, 0.84462, -0.73254]},
			"faces": {
				"north": {"uv": [0, 0, 4, 0], "texture": "#3"},
				"east": {"uv": [0, 0, 0.5, 0], "texture": "#3"},
				"south": {"uv": [0, 0, 4, 0], "texture": "#3"},
				"west": {"uv": [0, 0, 0.5, 0], "texture": "#3"},
				"up": {"uv": [9, 0.5, 5, 0], "texture": "#3"},
				"down": {"uv": [9, 0.5, 5, 1], "texture": "#3"}
			}
		},
		{
			"name": "3",
			"from": [0, 0.34462, 15.73254],
			"to": [16, 0.34462, 17.73254],
			"rotation": {"angle": -22.5, "axis": "x", "origin": [8, 0.84462, 16.73254]},
			"faces": {
				"north": {"uv": [0, 0, 4, 0], "texture": "#3"},
				"east": {"uv": [0, 0, 0.5, 0], "texture": "#3"},
				"south": {"uv": [0, 0, 4, 0], "texture": "#3"},
				"west": {"uv": [0, 0, 0.5, 0], "texture": "#3"},
				"up": {"uv": [9, 1.5, 5, 1], "texture": "#3"},
				"down": {"uv": [9, 1.5, 5, 2], "texture": "#3"}
			}
		},
		{
			"name": "string",
			"from": [7.8, 3.5, 20.3],
			"to": [8.3, 12.5, 20.3],
			"rotation": {"angle": -22.5, "axis": "x", "origin": [8.05, 6, 20.3]},
			"faces": {
				"north": {"uv": [0, 0, 1, 9], "texture": "#4"},
				"east": {"uv": [0, 0, 0, 9], "texture": "#4"},
				"south": {"uv": [1, 0, 2, 9], "texture": "#4"},
				"west": {"uv": [0, 0, 0, 9], "texture": "#4"},
				"up": {"uv": [1, 0, 0, 0], "texture": "#4"},
				"down": {"uv": [1, 0, 0, 0], "texture": "#4"}
			}
		},
		{
			"name": "string",
			"from": [8.3, 3.5, 20.3],
			"to": [8.8, 4.5, 20.3],
			"rotation": {"angle": -22.5, "axis": "x", "origin": [8.05, 6, 20.3]},
			"faces": {
				"north": {"uv": [2, 0, 3, 1], "texture": "#4"},
				"east": {"uv": [0, 0, 0, 1], "texture": "#4"},
				"south": {"uv": [2, 1, 3, 2], "texture": "#4"},
				"west": {"uv": [0, 0, 0, 1], "texture": "#4"},
				"up": {"uv": [1, 0, 0, 0], "texture": "#4"},
				"down": {"uv": [1, 0, 0, 0], "texture": "#4"}
			}
		},
		{
			"name": "string",
			"from": [8.3, 6.5, 20.3],
			"to": [8.8, 7.5, 20.3],
			"rotation": {"angle": -22.5, "axis": "x", "origin": [8.05, 6, 20.3]},
			"faces": {
				"north": {"uv": [2, 2, 3, 3], "texture": "#4"},
				"east": {"uv": [0, 0, 0, 1], "texture": "#4"},
				"south": {"uv": [3, 0, 4, 1], "texture": "#4"},
				"west": {"uv": [0, 0, 0, 1], "texture": "#4"},
				"up": {"uv": [1, 0, 0, 0], "texture": "#4"},
				"down": {"uv": [1, 0, 0, 0], "texture": "#4"}
			}
		},
		{
			"name": "string",
			"from": [7.3, 4, 20.3],
			"to": [7.8, 5, 20.3],
			"rotation": {"angle": -22.5, "axis": "x", "origin": [8.05, 6, 20.3]},
			"faces": {
				"north": {"uv": [3, 1, 4, 2], "texture": "#4"},
				"east": {"uv": [0, 0, 0, 1], "texture": "#4"},
				"south": {"uv": [2, 3, 3, 4], "texture": "#4"},
				"west": {"uv": [0, 0, 0, 1], "texture": "#4"},
				"up": {"uv": [1, 0, 0, 0], "texture": "#4"},
				"down": {"uv": [1, 0, 0, 0], "texture": "#4"}
			}
		},
		{
			"name": "feather",
			"from": [8.05, 14, 18.35],
			"to": [8.05, 15, 19.1],
			"rotation": {"angle": 0, "axis": "x", "origin": [8.3, 11.25, 18.35]},
			"faces": {
				"north": {"uv": [0, 0, 0, 4], "texture": "#5"},
				"east": {"uv": [0, 0, 3, 4], "texture": "#5"},
				"south": {"uv": [0, 0, 0, 4], "texture": "#5"},
				"west": {"uv": [0, 4, 3, 8], "texture": "#5"},
				"up": {"uv": [0, 3, 0, 0], "texture": "#5"},
				"down": {"uv": [0, 0, 0, 3], "texture": "#5"}
			}
		},
		{
			"name": "feather",
			"from": [8.05, 12, 18.3],
			"to": [8.05, 13, 19.05],
			"rotation": {"angle": 0, "axis": "x", "origin": [8.3, 9.25, 18.3]},
			"faces": {
				"north": {"uv": [0, 0, 0, 4], "texture": "#5"},
				"east": {"uv": [4, 0, 7, 4], "texture": "#5"},
				"south": {"uv": [0, 0, 0, 4], "texture": "#5"},
				"west": {"uv": [4, 4, 7, 8], "texture": "#5"},
				"up": {"uv": [0, 3, 0, 0], "texture": "#5"},
				"down": {"uv": [0, 0, 0, 3], "texture": "#5"}
			}
		},
		{
			"name": "feather",
			"from": [8.05, 13, 19.05],
			"to": [8.05, 14, 19.8],
			"rotation": {"angle": 0, "axis": "x", "origin": [8.3, 10.25, 19.05]},
			"faces": {
				"north": {"uv": [0, 0, 0, 4], "texture": "#5"},
				"east": {"uv": [0, 8, 3, 12], "texture": "#5"},
				"south": {"uv": [0, 0, 0, 4], "texture": "#5"},
				"west": {"uv": [8, 0, 11, 4], "texture": "#5"},
				"up": {"uv": [0, 3, 0, 0], "texture": "#5"},
				"down": {"uv": [0, 0, 0, 3], "texture": "#5"}
			}
		},
		{
			"name": "feather",
			"from": [8.05, 14, 19.05],
			"to": [8.05, 15, 19.8],
			"rotation": {"angle": 0, "axis": "x", "origin": [8.3, 11.25, 19.05]},
			"faces": {
				"north": {"uv": [0, 0, 0, 4], "texture": "#5"},
				"east": {"uv": [4, 8, 7, 12], "texture": "#5"},
				"south": {"uv": [0, 0, 0, 4], "texture": "#5"},
				"west": {"uv": [8, 4, 11, 8], "texture": "#5"},
				"up": {"uv": [0, 3, 0, 0], "texture": "#5"},
				"down": {"uv": [0, 0, 0, 3], "texture": "#5"}
			}
		},
		{
			"name": "knot",
			"from": [7.45, 11.65, 17.55],
			"to": [8.55, 11.65, 18.05],
			"rotation": {"angle": 0, "axis": "x", "origin": [7.7, 8.9, 17.55]},
			"faces": {
				"north": {"uv": [0, 0, 2.25, 0], "texture": "#7"},
				"east": {"uv": [0, 0, 1, 0], "texture": "#7"},
				"south": {"uv": [0, 0, 2.25, 0], "texture": "#7"},
				"west": {"uv": [0, 0, 1, 0], "texture": "#7"},
				"up": {"uv": [2.25, 1, 0, 0], "texture": "#7"},
				"down": {"uv": [2.25, 2, 0, 3], "texture": "#7"}
			}
		},
		{
			"name": "knot",
			"from": [8.55, 11.65, 17.55],
			"to": [8.55, 12.75, 18.05],
			"rotation": {"angle": 0, "axis": "x", "origin": [8.8, 8.9, 17.55]},
			"faces": {
				"north": {"uv": [0, 0, 0, 2.25], "texture": "#7"},
				"east": {"uv": [0, 4, 1, 6.25], "texture": "#7"},
				"south": {"uv": [0, 0, 0, 2.25], "texture": "#7"},
				"west": {"uv": [4, 0, 5, 2.25], "texture": "#7"},
				"up": {"uv": [0, 1, 0, 0], "texture": "#7"},
				"down": {"uv": [0, 0, 0, 1], "texture": "#7"}
			}
		},
		{
			"name": "knot",
			"from": [7.45, 11.65, 17.55],
			"to": [7.45, 12.75, 18.05],
			"rotation": {"angle": 0, "axis": "x", "origin": [7.7, 8.9, 17.55]},
			"faces": {
				"north": {"uv": [0, 0, 0, 2.25], "texture": "#7"},
				"east": {"uv": [2, 4, 3, 6.25], "texture": "#7"},
				"south": {"uv": [0, 0, 0, 2.25], "texture": "#7"},
				"west": {"uv": [4, 4, 5, 6.25], "texture": "#7"},
				"up": {"uv": [0, 1, 0, 0], "texture": "#7"},
				"down": {"uv": [0, 0, 0, 1], "texture": "#7"}
			}
		},
		{
			"name": "knot",
			"from": [7.45, 12.75, 17.55],
			"to": [8.55, 12.75, 18.05],
			"rotation": {"angle": 0, "axis": "x", "origin": [7.7, 10, 17.55]},
			"faces": {
				"north": {"uv": [0, 0, 2.25, 0], "texture": "#7"},
				"east": {"uv": [0, 0, 1, 0], "texture": "#7"},
				"south": {"uv": [0, 0, 2.25, 0], "texture": "#7"},
				"west": {"uv": [0, 0, 1, 0], "texture": "#7"},
				"up": {"uv": [8.25, 1, 6, 0], "texture": "#7"},
				"down": {"uv": [8.25, 2, 6, 3], "texture": "#7"}
			}
		}
	],
	"display": {
		"thirdperson_righthand": {
			"translation": [0, 4.5, 0],
			"scale": [0.5, 0.5, 0.5]
		},
		"thirdperson_lefthand": {
			"translation": [0, 4.25, 0],
			"scale": [0.5, 0.5, 0.5]
		},
		"firstperson_righthand": {
			"translation": [2, 4.75, 0],
			"scale": [0.5, 0.5, 0.5]
		},
		"firstperson_lefthand": {
			"translation": [2, 4.75, 0],
			"scale": [0.5, 0.5, 0.5]
		},
		"ground": {
			"translation": [0, 4.75, 0]
		},
		"gui": {
			"rotation": [0, 180, 0],
			"translation": [0, 1, 0],
			"scale": [0.9, 0.9, 0.9]
		},
		"head": {
			"translation": [0, 16.5, 0],
			"scale": [1.6, 1.6, 1.6]
		},
		"fixed": {
			"translation": [-0.25, 1.75, -1.75],
			"scale": [0.8, 0.8, 0.8]
		}
	},
	"groups": [
		{
			"name": "sections",
			"origin": [8, 14.1994, 18.29586],
			"color": 0,
			"children": [0, 1, 2, 3, 4, 5]
		},
		{
			"name": "trim",
			"origin": [4, 6, 3],
			"color": 0,
			"children": [
				6,
				7,
				{
					"name": "l",
					"origin": [4, 6, 4],
					"color": 0,
					"children": [8, 9, 10, 11]
				},
				{
					"name": "r",
					"origin": [-3, 6, 4],
					"color": 0,
					"children": [12, 13, 14, 15]
				}
			]
		},
		{
			"name": "buckle",
			"origin": [-2, 4, 2],
			"color": 0,
			"children": [16, 17, 18, 19, 20, 21]
		},
		{
			"name": "brim",
			"origin": [8, 0.84462, 16.73254],
			"color": 0,
			"children": [22, 23, 24, 25, 26]
		},
		{
			"name": "string",
			"origin": [6.3, 13.5, 15.3],
			"color": 0,
			"children": [27, 28, 29, 30]
		},
		{
			"name": "feather",
			"origin": [8.3, 13.25, 19.05],
			"color": 0,
			"children": [31, 32, 33, 34]
		},
		{
			"name": "knot",
			"origin": [7.7, 12, 17.55],
			"color": 0,
			"children": [35, 36, 37, 38]
		}
	]
}