{
	"credit": "LayerStack - Tim Bennett 2024",
	"texture_size": [128, 128],
	"textures": {
		"0": "template:item/tophat/tophat",
		"particle": "template:item/tophat/tophat"
	},
	"elements": [
		{
			"from": [2, 8, 3],
			"to": [12, 9, 13],
			"rotation": {"angle": 0, "axis": "y", "origin": [3, 1, 4]},
			"faces": {
				"north": {"uv": [1.25, 1.25, 2.5, 1.375], "texture": "#0"},
				"east": {"uv": [0, 1.25, 1.25, 1.375], "texture": "#0"},
				"south": {"uv": [3.75, 1.25, 5, 1.375], "texture": "#0"},
				"west": {"uv": [2.5, 1.25, 3.75, 1.375], "texture": "#0"},
				"up": {"uv": [2.5, 1.25, 1.25, 0], "texture": "#0"},
				"down": {"uv": [3.75, 0, 2.5, 1.25], "texture": "#0"}
			}
		},
		{
			"from": [2, 8.15328, 12.7706],
			"to": [12, 9.15328, 13.7706],
			"rotation": {"angle": -22.5, "axis": "x", "origin": [7, 8.65328, 13.2706]},
			"faces": {
				"north": {"uv": [5.625, 4.25, 6.875, 4.375], "texture": "#0"},
				"east": {"uv": [5.5, 4.25, 5.625, 4.375], "texture": "#0"},
				"south": {"uv": [7, 4.25, 8.25, 4.375], "texture": "#0"},
				"west": {"uv": [6.875, 4.25, 7, 4.375], "texture": "#0"},
				"up": {"uv": [6.875, 4.25, 5.625, 4.125], "texture": "#0"},
				"down": {"uv": [8.125, 4.125, 6.875, 4.25], "texture": "#0"}
			}
		},
		{
			"from": [3, 8.58979, 13.42388],
			"to": [11, 9.58979, 14.42388],
			"rotation": {"angle": -45, "axis": "x", "origin": [7, 9.08979, 13.92388]},
			"faces": {
				"north": {"uv": [5.875, 3.875, 6.875, 4], "texture": "#0"},
				"east": {"uv": [5.75, 3.875, 5.875, 4], "texture": "#0"},
				"south": {"uv": [7, 3.875, 8, 4], "texture": "#0"},
				"west": {"uv": [6.875, 3.875, 7, 4], "texture": "#0"},
				"up": {"uv": [6.875, 3.875, 5.875, 3.75], "texture": "#0"},
				"down": {"uv": [7.875, 3.75, 6.875, 3.875], "texture": "#0"}
			}
		},
		{
			"from": [2, 8.53284, -0.67878],
			"to": [12, 9.53284, 0.32122],
			"rotation": {"angle": 22.5, "axis": "x", "origin": [3, 1.53284, 0.32122]},
			"faces": {
				"north": {"uv": [5.125, 1.25, 6.375, 1.375], "texture": "#0"},
				"east": {"uv": [5, 1.25, 5.125, 1.375], "texture": "#0"},
				"south": {"uv": [6.5, 1.25, 7.75, 1.375], "texture": "#0"},
				"west": {"uv": [6.375, 1.25, 6.5, 1.375], "texture": "#0"},
				"up": {"uv": [6.375, 1.25, 5.125, 1.125], "texture": "#0"},
				"down": {"uv": [7.625, 1.125, 6.375, 1.25], "texture": "#0"}
			}
		},
		{
			"from": [3, 8.58979, 1.57612],
			"to": [11, 9.58979, 2.57612],
			"rotation": {"angle": 45, "axis": "x", "origin": [7, 9.08979, 2.07612]},
			"faces": {
				"north": {"uv": [5.875, 3.625, 6.875, 3.75], "texture": "#0"},
				"east": {"uv": [5.75, 3.625, 5.875, 3.75], "texture": "#0"},
				"south": {"uv": [7, 3.625, 8, 3.75], "texture": "#0"},
				"west": {"uv": [6.875, 3.625, 7, 3.75], "texture": "#0"},
				"up": {"uv": [6.875, 3.625, 5.875, 3.5], "texture": "#0"},
				"down": {"uv": [7.875, 3.5, 6.875, 3.625], "texture": "#0"}
			}
		},
		{
			"from": [11.7706, 8.15328, 3],
			"to": [12.7706, 9.15328, 13],
			"rotation": {"angle": 22.5, "axis": "z", "origin": [12.2706, 8.65328, 8]},
			"faces": {
				"north": {"uv": [1.25, 4.75, 1.375, 4.875], "texture": "#0"},
				"east": {"uv": [0, 4.75, 1.25, 4.875], "texture": "#0"},
				"south": {"uv": [2.625, 4.75, 2.75, 4.875], "texture": "#0"},
				"west": {"uv": [1.375, 4.75, 2.625, 4.875], "texture": "#0"},
				"up": {"uv": [1.375, 4.75, 1.25, 3.5], "texture": "#0"},
				"down": {"uv": [1.5, 3.5, 1.375, 4.75], "texture": "#0"}
			}
		},
		{
			"from": [12.42388, 8.58979, 3],
			"to": [13.42388, 9.58979, 13],
			"rotation": {"angle": 45, "axis": "z", "origin": [12.92388, 9.08979, 8]},
			"faces": {
				"north": {"uv": [4, 5.375, 4.125, 5.5], "texture": "#0"},
				"east": {"uv": [2.75, 5.375, 4, 5.5], "texture": "#0"},
				"south": {"uv": [5.375, 5.375, 5.5, 5.5], "texture": "#0"},
				"west": {"uv": [4.125, 5.375, 5.375, 5.5], "texture": "#0"},
				"up": {"uv": [4.125, 5.375, 4, 4.125], "texture": "#0"},
				"down": {"uv": [4.25, 4.125, 4.125, 5.375], "texture": "#0"}
			}
		},
		{
			"from": [12.86039, 9.24307, 4],
			"to": [13.86039, 10.24307, 12],
			"rotation": {"angle": -22.5, "axis": "z", "origin": [13.36039, 9.74307, 8]},
			"faces": {
				"north": {"uv": [6, 1, 6.125, 1.125], "texture": "#0"},
				"east": {"uv": [5, 1, 6, 1.125], "texture": "#0"},
				"south": {"uv": [7.125, 1, 7.25, 1.125], "texture": "#0"},
				"west": {"uv": [6.125, 1, 7.125, 1.125], "texture": "#0"},
				"up": {"uv": [6.125, 1, 6, 0], "texture": "#0"},
				"down": {"uv": [6.25, 0, 6.125, 1], "texture": "#0"}
			}
		},
		{
			"from": [1.2294, 8.15328, 3],
			"to": [2.2294, 9.15328, 13],
			"rotation": {"angle": -22.5, "axis": "z", "origin": [1.7294, 8.65328, 8]},
			"faces": {
				"north": {"uv": [4.25, 2.625, 4.375, 2.75], "texture": "#0"},
				"east": {"uv": [3, 2.625, 4.25, 2.75], "texture": "#0"},
				"south": {"uv": [5.625, 2.625, 5.75, 2.75], "texture": "#0"},
				"west": {"uv": [4.375, 2.625, 5.625, 2.75], "texture": "#0"},
				"up": {"uv": [4.375, 2.625, 4.25, 1.375], "texture": "#0"},
				"down": {"uv": [4.5, 1.375, 4.375, 2.625], "texture": "#0"}
			}
		},
		{
			"from": [0.57612, 8.58979, 3],
			"to": [1.57612, 9.58979, 13],
			"rotation": {"angle": -45, "axis": "z", "origin": [1.07612, 9.08979, 8]},
			"faces": {
				"north": {"uv": [4.25, 4, 4.375, 4.125], "texture": "#0"},
				"east": {"uv": [3, 4, 4.25, 4.125], "texture": "#0"},
				"south": {"uv": [5.625, 4, 5.75, 4.125], "texture": "#0"},
				"west": {"uv": [4.375, 4, 5.625, 4.125], "texture": "#0"},
				"up": {"uv": [4.375, 4, 4.25, 2.75], "texture": "#0"},
				"down": {"uv": [4.5, 2.75, 4.375, 4], "texture": "#0"}
			}
		},
		{
			"from": [0.13961, 9.24307, 4],
			"to": [1.13961, 10.24307, 12],
			"rotation": {"angle": 22.5, "axis": "z", "origin": [0.63961, 9.74307, 8]},
			"faces": {
				"north": {"uv": [1, 5.875, 1.125, 6], "texture": "#0"},
				"east": {"uv": [0, 5.875, 1, 6], "texture": "#0"},
				"south": {"uv": [2.125, 5.875, 2.25, 6], "texture": "#0"},
				"west": {"uv": [1.125, 5.875, 2.125, 6], "texture": "#0"},
				"up": {"uv": [1.125, 5.875, 1, 4.875], "texture": "#0"},
				"down": {"uv": [1.25, 4.875, 1.125, 5.875], "texture": "#0"}
			}
		},
		{
			"from": [4, 8, 5],
			"to": [10, 19, 11],
			"rotation": {"angle": 0, "axis": "y", "origin": [3, 11, 4]},
			"faces": {
				"north": {"uv": [0.75, 2.125, 1.5, 3.5], "texture": "#0"},
				"east": {"uv": [0, 2.125, 0.75, 3.5], "texture": "#0"},
				"south": {"uv": [2.25, 2.125, 3, 3.5], "texture": "#0"},
				"west": {"uv": [1.5, 2.125, 2.25, 3.5], "texture": "#0"},
				"up": {"uv": [1.5, 2.125, 0.75, 1.375], "texture": "#0"},
				"down": {"uv": [2.25, 1.375, 1.5, 2.125], "texture": "#0"}
			}
		},
		{
			"from": [4.3, 16.8, 5.3],
			"to": [9.7, 19.2, 10.7],
			"rotation": {"angle": 0, "axis": "y", "origin": [7, 18, 8]},
			"faces": {
				"north": {"uv": [6.25, 3.375, 6.75, 3.5], "texture": "#0"},
				"east": {"uv": [5.75, 3.375, 6.25, 3.5], "texture": "#0"},
				"south": {"uv": [7.25, 3.375, 7.75, 3.5], "texture": "#0"},
				"west": {"uv": [6.75, 3.375, 7.25, 3.5], "texture": "#0"},
				"up": {"uv": [6.75, 3.375, 6.25, 2.875], "texture": "#0"},
				"down": {"uv": [7.25, 2.875, 6.75, 3.375], "texture": "#0"}
			}
		},
		{
			"from": [10, 8, 6],
			"to": [11, 19, 10],
			"rotation": {"angle": 0, "axis": "y", "origin": [4, 11, 4]},
			"faces": {
				"north": {"uv": [4, 6, 4.125, 7.375], "texture": "#0"},
				"east": {"uv": [3.5, 6, 4, 7.375], "texture": "#0"},
				"south": {"uv": [4.625, 6, 4.75, 7.375], "texture": "#0"},
				"west": {"uv": [4.125, 6, 4.625, 7.375], "texture": "#0"},
				"up": {"uv": [4.125, 6, 4, 5.5], "texture": "#0"},
				"down": {"uv": [4.25, 5.5, 4.125, 6], "texture": "#0"}
			}
		},
		{
			"from": [9.43121, 11.11314, 6],
			"to": [10.43121, 19.11314, 10],
			"rotation": {"angle": -22.5, "axis": "z", "origin": [9.93121, 15.11314, 8]},
			"faces": {
				"north": {"uv": [0.5, 6.5, 0.625, 7.5], "texture": "#0"},
				"east": {"uv": [0, 6.5, 0.5, 7.5], "texture": "#0"},
				"south": {"uv": [1.125, 6.5, 1.25, 7.5], "texture": "#0"},
				"west": {"uv": [0.625, 6.5, 1.125, 7.5], "texture": "#0"},
				"up": {"uv": [0.625, 6.5, 0.5, 6], "texture": "#0"},
				"down": {"uv": [0.75, 6, 0.625, 6.5], "texture": "#0"}
			}
		},
		{
			"from": [5, 8, 11],
			"to": [9, 19, 12],
			"rotation": {"angle": 0, "axis": "y", "origin": [3, 11, 5]},
			"faces": {
				"north": {"uv": [4.875, 6, 5.375, 7.375], "texture": "#0"},
				"east": {"uv": [4.75, 6, 4.875, 7.375], "texture": "#0"},
				"south": {"uv": [5.5, 6, 6, 7.375], "texture": "#0"},
				"west": {"uv": [5.375, 6, 5.5, 7.375], "texture": "#0"},
				"up": {"uv": [5.375, 6, 4.875, 5.875], "texture": "#0"},
				"down": {"uv": [5.875, 5.875, 5.375, 6], "texture": "#0"}
			}
		},
		{
			"from": [5, 11.11314, 10.43121],
			"to": [9, 19.11314, 11.43121],
			"rotation": {"angle": 22.5, "axis": "x", "origin": [7, 15.11314, 10.93121]},
			"faces": {
				"north": {"uv": [6.875, 4.5, 7.375, 5.5], "texture": "#0"},
				"east": {"uv": [6.75, 4.5, 6.875, 5.5], "texture": "#0"},
				"south": {"uv": [7.5, 4.5, 8, 5.5], "texture": "#0"},
				"west": {"uv": [7.375, 4.5, 7.5, 5.5], "texture": "#0"},
				"up": {"uv": [7.375, 4.5, 6.875, 4.375], "texture": "#0"},
				"down": {"uv": [7.875, 4.375, 7.375, 4.5], "texture": "#0"}
			}
		},
		{
			"from": [3, 8, 6],
			"to": [4, 19, 10],
			"rotation": {"angle": 0, "axis": "y", "origin": [2, 11, 4]},
			"faces": {
				"north": {"uv": [2.75, 6, 2.875, 7.375], "texture": "#0"},
				"east": {"uv": [2.25, 6, 2.75, 7.375], "texture": "#0"},
				"south": {"uv": [3.375, 6, 3.5, 7.375], "texture": "#0"},
				"west": {"uv": [2.875, 6, 3.375, 7.375], "texture": "#0"},
				"up": {"uv": [2.875, 6, 2.75, 5.5], "texture": "#0"},
				"down": {"uv": [3, 5.5, 2.875, 6], "texture": "#0"}
			}
		},
		{
			"from": [3.56879, 11.11314, 6],
			"to": [4.56879, 19.11314, 10],
			"rotation": {"angle": 22.5, "axis": "z", "origin": [4.06879, 15.11314, 8]},
			"faces": {
				"north": {"uv": [6.25, 1.875, 6.375, 2.875], "texture": "#0"},
				"east": {"uv": [5.75, 1.875, 6.25, 2.875], "texture": "#0"},
				"south": {"uv": [6.875, 1.875, 7, 2.875], "texture": "#0"},
				"west": {"uv": [6.375, 1.875, 6.875, 2.875], "texture": "#0"},
				"up": {"uv": [6.375, 1.875, 6.25, 1.375], "texture": "#0"},
				"down": {"uv": [6.5, 1.375, 6.375, 1.875], "texture": "#0"}
			}
		},
		{
			"from": [5, 8, 4],
			"to": [9, 19, 5],
			"rotation": {"angle": 0, "axis": "y", "origin": [3, 11, 3]},
			"faces": {
				"north": {"uv": [5.625, 4.5, 6.125, 5.875], "texture": "#0"},
				"east": {"uv": [5.5, 4.5, 5.625, 5.875], "texture": "#0"},
				"south": {"uv": [6.25, 4.5, 6.75, 5.875], "texture": "#0"},
				"west": {"uv": [6.125, 4.5, 6.25, 5.875], "texture": "#0"},
				"up": {"uv": [6.125, 4.5, 5.625, 4.375], "texture": "#0"},
				"down": {"uv": [6.625, 4.375, 6.125, 4.5], "texture": "#0"}
			}
		},
		{
			"from": [5, 10.8436, 6.21371],
			"to": [9, 18.8436, 7.21371],
			"rotation": {"angle": -22.5, "axis": "x", "origin": [3, 10.8436, 5.21371]},
			"faces": {
				"north": {"uv": [6.125, 6, 6.625, 7], "texture": "#0"},
				"east": {"uv": [6, 6, 6.125, 7], "texture": "#0"},
				"south": {"uv": [6.75, 6, 7.25, 7], "texture": "#0"},
				"west": {"uv": [6.625, 6, 6.75, 7], "texture": "#0"},
				"up": {"uv": [6.625, 6, 6.125, 5.875], "texture": "#0"},
				"down": {"uv": [7.125, 5.875, 6.625, 6], "texture": "#0"}
			}
		}
	],
	"display": {
		"thirdperson_righthand": {
			"scale": [0.5, 0.5, 0.5]
		},
		"thirdperson_lefthand": {
			"scale": [0.5, 0.5, 0.5]
		},
		"firstperson_righthand": {
			"scale": [0.5, 0.5, 0.5]
		},
		"firstperson_lefthand": {
			"scale": [0.5, 0.5, 0.5]
		},
		"gui": {
			"translation": [1, -5.5, 0]
		},
		"head": {
			"translation": [1.5, 5.75, 0],
			"scale": [1.6, 1.6, 1.6]
		},
		"fixed": {
			"translation": [0.75, -4.75, 0]
		}
	},
	"groups": [
		0,
		{
			"name": "group",
			"origin": [7, 9.08979, 2.07612],
			"color": 0,
			"children": [1, 2, 3, 4]
		},
		{
			"name": "group",
			"origin": [13.36039, 9.74307, 8],
			"color": 0,
			"children": [5, 6, 7]
		},
		{
			"name": "group",
			"origin": [0.63961, 9.74307, 8],
			"color": 0,
			"children": [8, 9, 10]
		},
		{
			"name": "group",
			"origin": [3, 7.8436, 5.21371],
			"color": 0,
			"children": [11, 12, 13, 14, 15, 16, 17, 18, 19, 20]
		}
	]
}