{
	"credit": "LayerStack - Tim Bennett 2024",
	"texture_size": [8, 8],
	"textures": {
		"0": "template:item/captain/captain",
		"1": "template:item/captain/stud",
		"particle": "template:item/captain/captain"
	},
	"elements": [
		{
			"name": "lid",
			"from": [2.8, 3.64639, 1.71972],
			"to": [13.2, 5.54639, 13.11972],
			"rotation": {"angle": 22.5, "axis": "x", "origin": [3, 3.59639, 3.91972]},
			"faces": {
				"north": {"uv": [2.5, 7, 5, 7.5], "texture": "#0"},
				"east": {"uv": [2.5, 6, 5.75, 6.5], "texture": "#0"},
				"south": {"uv": [5, 7, 7.5, 7.5], "texture": "#0"},
				"west": {"uv": [5.75, 6, 9, 6.5], "texture": "#0"},
				"up": {"uv": [2.5, 3.25, 0, 0], "texture": "#0"},
				"down": {"uv": [5, 0, 2.5, 3.25], "texture": "#0"}
			}
		},
		{
			"name": "brim",
			"from": [2.8, 0.64639, 0.71972],
			"to": [13.2, 1.79639, 8.11972],
			"rotation": {"angle": 0, "axis": "y", "origin": [3, 0.59639, 3.91972]},
			"faces": {
				"north": {"uv": [7.5, 4.5, 10, 4.75], "texture": "#0"},
				"east": {"uv": [7.5, 4.75, 9.5, 5], "texture": "#0"},
				"south": {"uv": [4.75, 7.5, 7.25, 7.75], "texture": "#0"},
				"west": {"uv": [7.5, 5, 9.5, 5.25], "texture": "#0"},
				"up": {"uv": [7.5, 2, 5, 0], "texture": "#0"},
				"down": {"uv": [7.5, 2, 5, 4], "texture": "#0"}
			}
		},
		{
			"name": "crown",
			"from": [3.2, 1.87727, 3.66564],
			"to": [12.7, 3.87727, 13.16564],
			"rotation": {"angle": 0, "axis": "y", "origin": [3.95, 5.62727, 5.16564]},
			"faces": {
				"north": {"uv": [7.5, 0, 10, 0.5], "texture": "#0"},
				"east": {"uv": [2.5, 6.5, 5.25, 7], "texture": "#0"},
				"south": {"uv": [7.5, 0.5, 10, 1], "texture": "#0"},
				"west": {"uv": [5.25, 6.5, 8, 7], "texture": "#0"},
				"up": {"uv": [2.5, 6, 0, 3.25], "texture": "#0"},
				"down": {"uv": [5, 3.25, 2.5, 6], "texture": "#0"}
			}
		},
		{
			"name": "trim",
			"from": [3, 1.75, 3],
			"to": [13, 3, 10],
			"rotation": {"angle": 0, "axis": "y", "origin": [4, 5.75, 6]},
			"faces": {
				"north": {"uv": [7.5, 1, 10, 1.5], "texture": "#0"},
				"east": {"uv": [7.5, 3.5, 9.5, 4], "texture": "#0"},
				"south": {"uv": [7.5, 1.5, 10, 2], "texture": "#0"},
				"west": {"uv": [7.5, 4, 9.5, 4.5], "texture": "#0"},
				"up": {"uv": [7.5, 6, 5, 4], "texture": "#0"},
				"down": {"uv": [2.5, 6, 0, 8], "texture": "#0"}
			}
		},
		{
			"name": "left rail",
			"from": [12.25, 0.15224, 3.23463],
			"to": [13, 1.65224, 12.23463],
			"rotation": {"angle": 0, "axis": "y", "origin": [3, 0.15224, 4.23463]},
			"faces": {
				"north": {"uv": [6.75, 7.75, 7, 8.25], "texture": "#0"},
				"east": {"uv": [7.5, 2, 9.75, 2.5], "texture": "#0"},
				"south": {"uv": [7, 7.75, 7.25, 8.25], "texture": "#0"},
				"west": {"uv": [2.5, 7.5, 4.75, 8], "texture": "#0"},
				"up": {"uv": [7.75, 9.25, 7.5, 7], "texture": "#0"},
				"down": {"uv": [7.5, 7.5, 7.25, 9.75], "texture": "#0"}
			}
		},
		{
			"name": "right rail",
			"from": [3, 0.15224, 3.23463],
			"to": [3.75, 1.65224, 12.23463],
			"rotation": {"angle": 0, "axis": "y", "origin": [13, 0.15224, 4.23463]},
			"faces": {
				"north": {"uv": [7.75, 7, 8, 7.5], "texture": "#0"},
				"east": {"uv": [7.5, 2.5, 9.75, 3], "texture": "#0"},
				"south": {"uv": [7.75, 7.5, 8, 8], "texture": "#0"},
				"west": {"uv": [7.5, 3, 9.75, 3.5], "texture": "#0"},
				"up": {"uv": [5, 10, 4.75, 7.75], "texture": "#0"},
				"down": {"uv": [5.25, 7.75, 5, 10], "texture": "#0"}
			}
		},
		{
			"name": "right stud",
			"from": [2.75, 0.65224, 7.23463],
			"to": [3.75, 2.65224, 9.23463],
			"rotation": {"angle": 22.5, "axis": "x", "origin": [3.25, 1.65224, 8.23463]},
			"faces": {
				"north": {"uv": [0, 8, 0.25, 8.5], "texture": "#0"},
				"east": {"uv": [7.5, 5.25, 8, 5.75], "texture": "#0"},
				"south": {"uv": [0.25, 8, 0.5, 8.5], "texture": "#0"},
				"west": {"uv": [5.25, 7.75, 5.75, 8.25], "texture": "#0"},
				"up": {"uv": [0.75, 8.5, 0.5, 8], "texture": "#0"},
				"down": {"uv": [1, 8, 0.75, 8.5], "texture": "#0"}
			}
		},
		{
			"name": "left stud",
			"from": [12.25, 0.65224, 7.23463],
			"to": [13.25, 2.65224, 9.23463],
			"rotation": {"angle": 22.5, "axis": "x", "origin": [12.75, 1.65224, 8.23463]},
			"faces": {
				"north": {"uv": [1, 8, 1.25, 8.5], "texture": "#0"},
				"east": {"uv": [5.75, 7.75, 6.25, 8.25], "texture": "#0"},
				"south": {"uv": [1.25, 8, 1.5, 8.5], "texture": "#0"},
				"west": {"uv": [6.25, 7.75, 6.75, 8.25], "texture": "#0"},
				"up": {"uv": [1.75, 8.5, 1.5, 8], "texture": "#0"},
				"down": {"uv": [2, 8, 1.75, 8.5], "texture": "#0"}
			}
		},
		{
			"from": [6.8, 2.05, 2.8],
			"to": [9.2, 4.45, 3.2],
			"rotation": {"angle": 0, "axis": "y", "origin": [8, 2.25, 1]},
			"faces": {
				"north": {"uv": [0, 0, 4, 4], "texture": "#1"},
				"east": {"uv": [0, 0, 0, 4], "texture": "#1"},
				"south": {"uv": [0, 4, 4, 8], "texture": "#1"},
				"west": {"uv": [0, 0, 0, 4], "texture": "#1"},
				"up": {"uv": [4, 0, 0, 0], "texture": "#1"},
				"down": {"uv": [4, 0, 0, 0], "texture": "#1"}
			}
		}
	],
	"display": {
		"thirdperson_righthand": {
			"translation": [0, 4, 0],
			"scale": [0.5, 0.5, 0.5]
		},
		"thirdperson_lefthand": {
			"translation": [0, 4, 0],
			"scale": [0.5, 0.5, 0.5]
		},
		"firstperson_righthand": {
			"translation": [2, 4.75, 0],
			"scale": [0.5, 0.5, 0.5]
		},
		"firstperson_lefthand": {
			"translation": [2, 4.75, 0],
			"scale": [0.5, 0.5, 0.5]
		},
		"ground": {
			"translation": [0, 6.75, 0]
		},
		"gui": {
			"rotation": [-180, 0, -180],
			"translation": [0, 4.25, 0]
		},
		"head": {
			"translation": [0, 17, 0],
			"scale": [1.6, 1.6, 1.6]
		},
		"fixed": {
			"translation": [0, 5.5, 0]
		}
	}
}