{
	"credit": "LayerStack - Tim Bennett 2024",
	"texture_size": [8, 8],
	"textures": {
		"0": "template:item/adrock/adrock",
		"particle": "template:item/adrock/adrock"
	},
	"elements": [
		{
			"name": "nubbin",
			"from": [7.8, 1.25, 7.8],
			"to": [8.25, 3.7, 8.25],
			"rotation": {"angle": 0, "axis": "y", "origin": [8.65, 1.6, 8.4]},
			"faces": {
				"north": {"uv": [6, 11.5, 6.5, 12.5], "texture": "#0"},
				"east": {"uv": [6.5, 11.5, 7, 12.5], "texture": "#0"},
				"south": {"uv": [7, 11.5, 7.5, 12.5], "texture": "#0"},
				"west": {"uv": [7.5, 11.5, 8, 12.5], "texture": "#0"},
				"up": {"uv": [2.5, 12.5, 2, 12], "texture": "#0"},
				"down": {"uv": [3, 12, 2.5, 12.5], "texture": "#0"}
			}
		},
		{
			"name": "brim",
			"from": [3.3, 0, 0],
			"to": [12.75, 1.05, 12.75],
			"rotation": {"angle": 0, "axis": "y", "origin": [7.15, 0.35, 4.9]},
			"faces": {
				"north": {"uv": [9, 6, 13.5, 6.5], "texture": "#0"},
				"east": {"uv": [9, 5, 15.5, 5.5], "texture": "#0"},
				"south": {"uv": [8, 9.5, 12.5, 10], "texture": "#0"},
				"west": {"uv": [9, 5.5, 15.5, 6], "texture": "#0"},
				"up": {"uv": [4.5, 6.5, 0, 0], "texture": "#0"},
				"down": {"uv": [9, 0, 4.5, 6.5], "texture": "#0"}
			}
		},
		{
			"name": "lid",
			"from": [4, 3, 3.9],
			"to": [12.05, 3.45, 12],
			"rotation": {"angle": 0, "axis": "y", "origin": [7.15, 1.35, 5.15]},
			"faces": {
				"north": {"uv": [8, 10, 12, 10.5], "texture": "#0"},
				"east": {"uv": [0, 10.5, 4, 11], "texture": "#0"},
				"south": {"uv": [4, 10.5, 8, 11], "texture": "#0"},
				"west": {"uv": [8, 10.5, 12, 11], "texture": "#0"},
				"up": {"uv": [4, 10.5, 0, 6.5], "texture": "#0"},
				"down": {"uv": [8, 6.5, 4, 10.5], "texture": "#0"}
			}
		},
		{
			"name": "l",
			"from": [12.05, 1, 3.9],
			"to": [12.75, 3.45, 12],
			"rotation": {"angle": 0, "axis": "y", "origin": [7.15, 1.35, 5.15]},
			"faces": {
				"north": {"uv": [8, 11.5, 8.5, 12.5], "texture": "#0"},
				"east": {"uv": [8, 6.5, 12, 7.5], "texture": "#0"},
				"south": {"uv": [8.5, 11.5, 9, 12.5], "texture": "#0"},
				"west": {"uv": [8, 7.5, 12, 8.5], "texture": "#0"},
				"up": {"uv": [0.5, 15, 0, 11], "texture": "#0"},
				"down": {"uv": [1, 11, 0.5, 15], "texture": "#0"}
			}
		},
		{
			"name": "r",
			"from": [3.3, 1, 3.9],
			"to": [4, 3.45, 12],
			"rotation": {"angle": 0, "axis": "y", "origin": [-1.6, 1.35, 5.15]},
			"faces": {
				"north": {"uv": [9, 11.5, 9.5, 12.5], "texture": "#0"},
				"east": {"uv": [8, 8.5, 12, 9.5], "texture": "#0"},
				"south": {"uv": [9.5, 11.5, 10, 12.5], "texture": "#0"},
				"west": {"uv": [9, 0, 13, 1], "texture": "#0"},
				"up": {"uv": [1.5, 15, 1, 11], "texture": "#0"},
				"down": {"uv": [2, 11, 1.5, 15], "texture": "#0"}
			}
		},
		{
			"name": "f",
			"from": [3.85, 1, 3.25],
			"to": [12.1, 3.45, 3.95],
			"rotation": {"angle": 0, "axis": "y", "origin": [8.025, 1.475, 7.975]},
			"faces": {
				"north": {"uv": [9, 1, 13, 2], "texture": "#0"},
				"east": {"uv": [10, 11.5, 10.5, 12.5], "texture": "#0"},
				"south": {"uv": [9, 2, 13, 3], "texture": "#0"},
				"west": {"uv": [10.5, 11.5, 11, 12.5], "texture": "#0"},
				"up": {"uv": [6, 11.5, 2, 11], "texture": "#0"},
				"down": {"uv": [10, 11, 6, 11.5], "texture": "#0"}
			}
		},
		{
			"name": "r",
			"from": [3.85, 1, 12],
			"to": [12.1, 3.45, 12.7],
			"rotation": {"angle": 0, "axis": "y", "origin": [8.025, 1.475, 16.725]},
			"faces": {
				"north": {"uv": [9, 3, 13, 4], "texture": "#0"},
				"east": {"uv": [11, 11.5, 11.5, 12.5], "texture": "#0"},
				"south": {"uv": [9, 4, 13, 5], "texture": "#0"},
				"west": {"uv": [11.5, 11.5, 12, 12.5], "texture": "#0"},
				"up": {"uv": [14, 11.5, 10, 11], "texture": "#0"},
				"down": {"uv": [6, 11.5, 2, 12], "texture": "#0"}
			}
		}
	],
	"display": {
		"thirdperson_righthand": {
			"translation": [0, 4, 0],
			"scale": [0.5, 0.5, 0.5]
		},
		"thirdperson_lefthand": {
			"translation": [0, 4, 0],
			"scale": [0.5, 0.5, 0.5]
		},
		"firstperson_righthand": {
			"translation": [2, 4.75, 0],
			"scale": [0.5, 0.5, 0.5]
		},
		"firstperson_lefthand": {
			"translation": [2, 4.75, 0],
			"scale": [0.5, 0.5, 0.5]
		},
		"ground": {
			"translation": [0, 5.25, 0],
			"scale": [0.9, 0.91, 0.93]
		},
		"gui": {
			"rotation": [0, 180, 0],
			"translation": [0, 9, 0],
			"scale": [1.4, 1.4, 1.4]
		},
		"head": {
			"rotation": [7, 0, 3],
			"translation": [-0.5, 17.75, 1.5],
			"scale": [1.6, 1.6, 1.6]
		},
		"fixed": {
			"translation": [0, 9.5, 6.25],
			"scale": [1.5, 1.5, 1.5]
		}
	}
}