{
	"credit": "LayerStack - Tim Bennett 2024",
	"textures": {
		"0": "template:item/deerstalker/lining",
		"1": "template:item/deerstalker/body",
		"2": "template:item/deerstalker/string",
		"particle": "template:item/deerstalker/lining"
	},
	"elements": [
		{
			"name": "brim base",
			"from": [3.3, 0, 2.55],
			"to": [12.75, 1.95, 5.25],
			"rotation": {"angle": 0, "axis": "y", "origin": [7.15, 0.85, 7.4]},
			"faces": {
				"north": {"uv": [8, 10.5, 12.5, 11.5], "texture": "#1"},
				"east": {"uv": [9, 7, 10.5, 8], "texture": "#1"},
				"south": {"uv": [10.5, 8.5, 15, 9.5], "texture": "#1"},
				"west": {"uv": [0, 9.5, 1.5, 10.5], "texture": "#1"},
				"up": {"uv": [13.5, 4, 9, 2.5], "texture": "#1"},
				"down": {"uv": [13.5, 4, 9, 5.5], "texture": "#1"}
			}
		},
		{
			"name": "lid",
			"from": [3.3, 0, 5.3],
			"to": [12.75, 2.95, 12.5],
			"rotation": {"angle": 0, "axis": "y", "origin": [7.15, 1.35, 7.9]},
			"faces": {
				"north": {"uv": [9, 5.5, 13.5, 7], "texture": "#1"},
				"east": {"uv": [4.5, 10.5, 8, 12], "texture": "#1"},
				"south": {"uv": [0, 10.5, 4.5, 12], "texture": "#1"},
				"west": {"uv": [10.5, 7, 14, 8.5], "texture": "#1"},
				"up": {"uv": [4.5, 3.5, 0, 0], "texture": "#1"},
				"down": {"uv": [4.5, 3.5, 0, 7], "texture": "#1"}
			}
		},
		{
			"name": "rear top",
			"from": [3.3, -0.75, 12.55],
			"to": [12.75, 2.95, 13.75],
			"rotation": {"angle": 0, "axis": "y", "origin": [7.15, 1.35, 7.9]},
			"faces": {
				"north": {"uv": [4.5, 0, 9, 2], "texture": "#1"},
				"east": {"uv": [8.5, 12, 9, 14], "texture": "#1"},
				"south": {"uv": [4.5, 2, 9, 4], "texture": "#1"},
				"west": {"uv": [9, 12, 9.5, 14], "texture": "#1"},
				"up": {"uv": [15, 10, 10.5, 9.5], "texture": "#1"},
				"down": {"uv": [15, 10, 10.5, 10.5], "texture": "#1"}
			}
		},
		{
			"name": "rear flap",
			"from": [3.3, -3.98879, 13.20364],
			"to": [12.75, -0.28879, 14.40364],
			"rotation": {"angle": -22.5, "axis": "x", "origin": [8.025, -2.13879, 13.80364]},
			"faces": {
				"north": {"uv": [4.5, 4, 9, 6], "texture": "#1"},
				"east": {"uv": [9.5, 12, 10, 14], "texture": "#1"},
				"south": {"uv": [4.5, 6, 9, 8], "texture": "#1"},
				"west": {"uv": [10, 12, 10.5, 14], "texture": "#1"},
				"up": {"uv": [12.5, 12, 8, 11.5], "texture": "#1"},
				"down": {"uv": [4.5, 12, 0, 12.5], "texture": "#1"}
			}
		},
		{
			"name": "r flap",
			"from": [2.3, -3.5, 5.3],
			"to": [3.75, 1.45, 12.75],
			"rotation": {"angle": 0, "axis": "y", "origin": [-1.85, -0.15, 7.9]},
			"faces": {
				"north": {"uv": [6.5, 12, 7, 14.5], "texture": "#1"},
				"east": {"uv": [0, 7, 3.5, 9.5], "texture": "#1"},
				"south": {"uv": [7, 12, 7.5, 14.5], "texture": "#1"},
				"west": {"uv": [3.5, 8, 7, 10.5], "texture": "#1"},
				"up": {"uv": [5, 15.5, 4.5, 12], "texture": "#1"},
				"down": {"uv": [5.5, 12, 5, 15.5], "texture": "#1"}
			}
		},
		{
			"name": "r buckle",
			"from": [1.8, -5.2, 8.3],
			"to": [3.25, -3.25, 10.75],
			"rotation": {"angle": -22.5, "axis": "z", "origin": [2.7125, -4.225, 9.525]},
			"faces": {
				"north": {"uv": [11.5, 12, 12, 13], "texture": "#1"},
				"east": {"uv": [3.5, 7, 4.5, 8], "texture": "#1"},
				"south": {"uv": [12, 12, 12.5, 13], "texture": "#1"},
				"west": {"uv": [1.5, 9.5, 2.5, 10.5], "texture": "#1"},
				"up": {"uv": [0.5, 13.5, 0, 12.5], "texture": "#1"},
				"down": {"uv": [13, 0, 12.5, 1], "texture": "#1"}
			}
		},
		{
			"from": [1.6, -5.85, 9.5],
			"to": [2.1, -4.6, 9.75],
			"rotation": {"angle": -22.5, "axis": "x", "origin": [1.85, -5.225, 9.625]},
			"faces": {
				"north": {"uv": [2, 12.5, 2.5, 13], "texture": "#1"},
				"east": {"uv": [12.5, 2, 13, 2.5], "texture": "#1"},
				"south": {"uv": [2.5, 12.5, 3, 13], "texture": "#1"},
				"west": {"uv": [3, 12.5, 3.5, 13], "texture": "#1"},
				"up": {"uv": [4, 13, 3.5, 12.5], "texture": "#1"},
				"down": {"uv": [4.5, 12.5, 4, 13], "texture": "#1"}
			}
		},
		{
			"from": [1.6, -6.82881, 10.15402],
			"to": [2.1, -5.57881, 10.40402],
			"rotation": {"angle": -45, "axis": "x", "origin": [1.85, -6.20381, 10.27902]},
			"faces": {
				"north": {"uv": [12.5, 10.5, 13, 11], "texture": "#1"},
				"east": {"uv": [12.5, 11, 13, 11.5], "texture": "#1"},
				"south": {"uv": [12.5, 11.5, 13, 12], "texture": "#1"},
				"west": {"uv": [12.5, 12, 13, 12.5], "texture": "#1"},
				"up": {"uv": [13, 13, 12.5, 12.5], "texture": "#1"},
				"down": {"uv": [13.5, 0, 13, 0.5], "texture": "#1"}
			}
		},
		{
			"name": "l buckle",
			"from": [13.6, -5.15, 8.3],
			"to": [15.05, -3.2, 10.75],
			"rotation": {"angle": 22.5, "axis": "z", "origin": [14.1125, -4.175, 9.525]},
			"faces": {
				"north": {"uv": [0.5, 12.5, 1, 13.5], "texture": "#1"},
				"east": {"uv": [2.5, 9.5, 3.5, 10.5], "texture": "#1"},
				"south": {"uv": [1, 12.5, 1.5, 13.5], "texture": "#1"},
				"west": {"uv": [10.5, 12, 11.5, 13], "texture": "#1"},
				"up": {"uv": [13, 2, 12.5, 1], "texture": "#1"},
				"down": {"uv": [2, 12.5, 1.5, 13.5], "texture": "#1"}
			}
		},
		{
			"name": "l flap",
			"from": [12.3, -3.5, 5.3],
			"to": [13.75, 1.45, 12.75],
			"rotation": {"angle": 22.5, "axis": "z", "origin": [12.8125, -1.1, 9.025]},
			"faces": {
				"north": {"uv": [7.5, 12, 8, 14.5], "texture": "#1"},
				"east": {"uv": [7, 8, 10.5, 10.5], "texture": "#1"},
				"south": {"uv": [8, 12, 8.5, 14.5], "texture": "#1"},
				"west": {"uv": [9, 0, 12.5, 2.5], "texture": "#1"},
				"up": {"uv": [6, 15.5, 5.5, 12], "texture": "#1"},
				"down": {"uv": [6.5, 12, 6, 15.5], "texture": "#1"}
			}
		},
		{
			"name": "l flap",
			"from": [14.6, -5.15, 9.55],
			"to": [15.05, -4.2, 9.75],
			"rotation": {"angle": 22.5, "axis": "z", "origin": [15.1125, -4.175, 9.525]},
			"faces": {
				"north": {"uv": [0, 0, 1, 1], "texture": "#2"},
				"east": {"uv": [0, 1, 1, 2], "texture": "#2"},
				"south": {"uv": [1, 0, 2, 1], "texture": "#2"},
				"west": {"uv": [0, 1, 1, 2], "texture": "#2"},
				"up": {"uv": [2, 2, 1, 1], "texture": "#2"},
				"down": {"uv": [2, 1, 1, 2], "texture": "#2"}
			}
		},
		{
			"name": "l flap",
			"from": [15.2821, -5.92368, 9.55],
			"to": [15.7321, -4.97368, 9.75],
			"rotation": {"angle": 45, "axis": "z", "origin": [15.5071, -5.44868, 9.65]},
			"faces": {
				"north": {"uv": [0, 2, 1, 3], "texture": "#2"},
				"east": {"uv": [0, 1, 1, 2], "texture": "#2"},
				"south": {"uv": [2, 0, 3, 1], "texture": "#2"},
				"west": {"uv": [0, 1, 1, 2], "texture": "#2"},
				"up": {"uv": [2, 2, 1, 1], "texture": "#2"},
				"down": {"uv": [2, 1, 1, 2], "texture": "#2"}
			}
		},
		{
			"name": "l flap",
			"from": [15.73383, -6.14256, 9.55],
			"to": [16.68383, -5.69256, 9.75],
			"rotation": {"angle": -22.5, "axis": "z", "origin": [16.20883, -5.91756, 9.65]},
			"faces": {
				"north": {"uv": [1, 2, 2, 3], "texture": "#2"},
				"east": {"uv": [0, 1, 1, 2], "texture": "#2"},
				"south": {"uv": [2, 1, 3, 2], "texture": "#2"},
				"west": {"uv": [0, 1, 1, 2], "texture": "#2"},
				"up": {"uv": [2, 2, 1, 1], "texture": "#2"},
				"down": {"uv": [2, 1, 1, 2], "texture": "#2"}
			}
		},
		{
			"name": "rear flap inner",
			"from": [3.2, -4.17957, 12.91229],
			"to": [12.85, 1.22043, 14.11229],
			"rotation": {"angle": -22.5, "axis": "x", "origin": [8.025, -2.22957, 13.61229]},
			"faces": {
				"north": {"uv": [0, 0, 4.5, 2], "texture": "#0"},
				"east": {"uv": [2, 7.5, 2.5, 9.5], "texture": "#0"},
				"south": {"uv": [0, 2, 4.5, 4], "texture": "#0"},
				"west": {"uv": [2.5, 7.5, 3, 9.5], "texture": "#0"},
				"up": {"uv": [11.5, 4.5, 7, 4], "texture": "#0"},
				"down": {"uv": [11.5, 4.5, 7, 5], "texture": "#0"}
			}
		},
		{
			"name": "r buckle inner",
			"from": [2.2, -5.3, 8.2],
			"to": [3.6, -3.15, 10.85],
			"rotation": {"angle": -22.5, "axis": "z", "origin": [2.7125, -4.225, 9.525]},
			"faces": {
				"north": {"uv": [8, 2, 8.5, 3], "texture": "#0"},
				"east": {"uv": [3, 7.5, 4, 8.5], "texture": "#0"},
				"south": {"uv": [8, 3, 8.5, 4], "texture": "#0"},
				"west": {"uv": [4, 7.5, 5, 8.5], "texture": "#0"},
				"up": {"uv": [8.5, 8.5, 8, 7.5], "texture": "#0"},
				"down": {"uv": [9, 2, 8.5, 3], "texture": "#0"}
			}
		},
		{
			"name": "r flap inner",
			"from": [2.7, -3.6, 5.2],
			"to": [4.1, 1.25, 12.85],
			"rotation": {"angle": 0, "axis": "y", "origin": [-1.35, -0.15, 7.9]},
			"faces": {
				"north": {"uv": [5, 7.5, 5.5, 9.5], "texture": "#0"},
				"east": {"uv": [0, 4, 3.5, 6], "texture": "#0"},
				"south": {"uv": [5.5, 7.5, 6, 9.5], "texture": "#0"},
				"west": {"uv": [3.5, 4, 7, 6], "texture": "#0"},
				"up": {"uv": [0.5, 11, 0, 7.5], "texture": "#0"},
				"down": {"uv": [1, 7.5, 0.5, 11], "texture": "#0"}
			}
		},
		{
			"name": "l flap inner",
			"from": [11.9, -3.6, 5.2],
			"to": [13.3, 1.25, 12.85],
			"rotation": {"angle": 22.5, "axis": "z", "origin": [12.8125, -1.1, 9.025]},
			"faces": {
				"north": {"uv": [6, 7.5, 6.5, 9.5], "texture": "#0"},
				"east": {"uv": [4.5, 0, 8, 2], "texture": "#0"},
				"south": {"uv": [6.5, 7.5, 7, 9.5], "texture": "#0"},
				"west": {"uv": [4.5, 2, 8, 4], "texture": "#0"},
				"up": {"uv": [1.5, 11, 1, 7.5], "texture": "#0"},
				"down": {"uv": [2, 7.5, 1.5, 11], "texture": "#0"}
			}
		},
		{
			"name": "l buckle inner",
			"from": [13.2, -5.25, 8.2],
			"to": [14.6, -3.1, 10.85],
			"rotation": {"angle": 22.5, "axis": "z", "origin": [14.1125, -4.175, 9.525]},
			"faces": {
				"north": {"uv": [3, 8.5, 3.5, 9.5], "texture": "#0"},
				"east": {"uv": [7, 7.5, 8, 8.5], "texture": "#0"},
				"south": {"uv": [8.5, 3, 9, 4], "texture": "#0"},
				"west": {"uv": [8, 0, 9, 1], "texture": "#0"},
				"up": {"uv": [4, 9.5, 3.5, 8.5], "texture": "#0"},
				"down": {"uv": [4.5, 8.5, 4, 9.5], "texture": "#0"}
			}
		},
		{
			"name": "brim inner",
			"from": [3.2, -0.35, 2.45],
			"to": [12.85, 1.25, 5.35],
			"rotation": {"angle": 0, "axis": "y", "origin": [7.15, 0.6, 7.4]},
			"faces": {
				"north": {"uv": [7, 5, 11.5, 5.5], "texture": "#0"},
				"east": {"uv": [8, 1, 9.5, 1.5], "texture": "#0"},
				"south": {"uv": [7, 5.5, 11.5, 6], "texture": "#0"},
				"west": {"uv": [8, 1.5, 9.5, 2], "texture": "#0"},
				"up": {"uv": [4.5, 7.5, 0, 6], "texture": "#0"},
				"down": {"uv": [9, 6, 4.5, 7.5], "texture": "#0"}
			}
		}
	],
	"display": {
		"thirdperson_righthand": {
			"translation": [0, 5.25, 0],
			"scale": [0.5, 0.5, 0.5]
		},
		"thirdperson_lefthand": {
			"translation": [0, 5.5, 0],
			"scale": [0.5, 0.5, 0.5]
		},
		"firstperson_righthand": {
			"translation": [2, 4.75, 0],
			"scale": [0.5, 0.5, 0.5]
		},
		"firstperson_lefthand": {
			"translation": [2, 4.75, 0],
			"scale": [0.5, 0.5, 0.5]
		},
		"ground": {
			"translation": [0, 10.75, 0]
		},
		"gui": {
			"translation": [-0.5, 9.5, 0],
			"scale": [0.9375, 0.99414, 1]
		},
		"head": {
			"translation": [0, 17, 0],
			"scale": [1.6, 1.6, 1.6]
		},
		"fixed": {
			"translation": [0, 9.25, -1.25]
		}
	},
	"groups": [
		{
			"name": "body",
			"origin": [7.15, 1.35, 7.9],
			"color": 0,
			"children": [
				0,
				1,
				{
					"name": "rear",
					"origin": [8.025, -1.93879, 13.90364],
					"color": 0,
					"children": [2, 3]
				},
				{
					"name": "r",
					"origin": [1.75, -6.20381, 10.27902],
					"color": 0,
					"children": [
						4,
						5,
						{
							"name": "r string",
							"origin": [1.75, -6.20381, 10.27902],
							"color": 0,
							"children": [6, 7]
						}
					]
				},
				{
					"name": "l",
					"origin": [1.75, -6.20381, 10.27902],
					"color": 0,
					"children": [
						8,
						9,
						{
							"name": "l string",
							"origin": [16.20883, -5.91756, 9.65],
							"color": 0,
							"children": [10, 11, 12]
						}
					]
				}
			]
		},
		{
			"name": "lining",
			"origin": [8, 8, 8],
			"color": 0,
			"children": [13, 14, 15, 16, 17, 18]
		}
	]
}