{
	"credit": "LayerStack - Tim Bennett 2024",
	"textures": {
		"0": "template:item/americanfootball/helmet",
		"1": "template:item/americanfootball/visor",
		"2": "template:item/americanfootball/straps",
		"particle": "template:item/americanfootball/helmet"
	},
	"elements": [
		{
			"name": "Base",
			"from": [11.7, -7.1, 3.2],
			"to": [12.85, -1.95, 12.85],
			"rotation": {"angle": 0, "axis": "z", "origin": [12.775, -5.775, 8.025]},
			"faces": {
				"north": {"uv": [1.25, 6.75, 1.5, 8], "texture": "#0"},
				"east": {"uv": [4.5, 0, 6.75, 1.25], "texture": "#0"},
				"south": {"uv": [1.5, 6.75, 1.75, 8], "texture": "#0"},
				"west": {"uv": [4.5, 1.25, 6.75, 2.5], "texture": "#0"},
				"up": {"uv": [2.5, 8.5, 2.25, 6.25], "texture": "#0"},
				"down": {"uv": [2.75, 6.5, 2.5, 8.75], "texture": "#0"}
			}
		},
		{
			"name": "Base",
			"from": [3.2, -0.1, 2.2],
			"to": [12.85, 2.05, 12.85],
			"rotation": {"angle": 0, "axis": "y", "origin": [7.15, 0.35, 7.9]},
			"faces": {
				"north": {"uv": [5, 6, 7.25, 6.5], "texture": "#0"},
				"east": {"uv": [0, 5.75, 2.5, 6.25], "texture": "#0"},
				"south": {"uv": [0, 6.25, 2.25, 6.75], "texture": "#0"},
				"west": {"uv": [2.5, 6, 5, 6.5], "texture": "#0"},
				"up": {"uv": [2.25, 2.5, 0, 0], "texture": "#0"},
				"down": {"uv": [4.5, 0, 2.25, 2.5], "texture": "#0"}
			}
		},
		{
			"name": "Base",
			"from": [3.2, -7.1, 11.7],
			"to": [12.85, 1.8, 12.85],
			"rotation": {"angle": 0, "axis": "x", "origin": [8.025, -3.525, 11.775]},
			"faces": {
				"north": {"uv": [0, 2.5, 2.25, 4.75], "texture": "#0"},
				"east": {"uv": [2.75, 6.5, 3, 8.75], "texture": "#0"},
				"south": {"uv": [2.25, 2.5, 4.5, 4.75], "texture": "#0"},
				"west": {"uv": [3, 6.5, 3.25, 8.75], "texture": "#0"},
				"up": {"uv": [5.5, 6.75, 3.25, 6.5], "texture": "#0"},
				"down": {"uv": [7.75, 6.5, 5.5, 6.75], "texture": "#0"}
			}
		},
		{
			"name": "Base",
			"from": [3.2, -2.3, 5.2],
			"to": [4.35, 2.05, 12.85],
			"rotation": {"angle": 0, "axis": "z", "origin": [4.275, -2.775, 8.025]},
			"faces": {
				"north": {"uv": [6.75, 2.25, 7, 3.25], "texture": "#0"},
				"east": {"uv": [0, 4.75, 1.75, 5.75], "texture": "#0"},
				"south": {"uv": [3.25, 6.75, 3.5, 7.75], "texture": "#0"},
				"west": {"uv": [1.75, 4.75, 3.5, 5.75], "texture": "#0"},
				"up": {"uv": [0.5, 8.5, 0.25, 6.75], "texture": "#0"},
				"down": {"uv": [0.75, 6.75, 0.5, 8.5], "texture": "#0"}
			}
		},
		{
			"name": "Base",
			"from": [3.2, -7.1, 3.2],
			"to": [4.35, -1.95, 12.85],
			"rotation": {"angle": 0, "axis": "z", "origin": [4.275, -5.775, 8.025]},
			"faces": {
				"north": {"uv": [1.75, 6.75, 2, 8], "texture": "#0"},
				"east": {"uv": [4.5, 2.5, 6.75, 3.75], "texture": "#0"},
				"south": {"uv": [2, 6.75, 2.25, 8], "texture": "#0"},
				"west": {"uv": [4.5, 3.75, 6.75, 5], "texture": "#0"},
				"up": {"uv": [0.25, 9, 0, 6.75], "texture": "#0"},
				"down": {"uv": [7, 0, 6.75, 2.25], "texture": "#0"}
			}
		},
		{
			"name": "Base",
			"from": [11.7, -2.3, 5.2],
			"to": [12.85, 2.05, 12.85],
			"rotation": {"angle": 0, "axis": "z", "origin": [12.775, -2.775, 8.025]},
			"faces": {
				"north": {"uv": [6.75, 3.25, 7, 4.25], "texture": "#0"},
				"east": {"uv": [3.5, 5, 5.25, 6], "texture": "#0"},
				"south": {"uv": [3.5, 6.75, 3.75, 7.75], "texture": "#0"},
				"west": {"uv": [5.25, 5, 7, 6], "texture": "#0"},
				"up": {"uv": [1, 8.5, 0.75, 6.75], "texture": "#0"},
				"down": {"uv": [1.25, 6.75, 1, 8.5], "texture": "#0"}
			}
		},
		{
			"name": "Base",
			"from": [12.8, -1.58683, 3.26043],
			"to": [13.25, -1.13683, 8.01043],
			"rotation": {"angle": -45, "axis": "x", "origin": [13.025, -1.36183, 6.73543]},
			"faces": {
				"north": {"uv": [9.5, 2.5, 10, 3], "texture": "#1"},
				"east": {"uv": [6, 5, 8.5, 5.5], "texture": "#1"},
				"south": {"uv": [9.5, 6, 10, 6.5], "texture": "#1"},
				"west": {"uv": [6, 5.5, 8.5, 6], "texture": "#1"},
				"up": {"uv": [6.5, 8.5, 6, 6], "texture": "#1"},
				"down": {"uv": [7, 6, 6.5, 8.5], "texture": "#1"}
			}
		},
		{
			"name": "Base",
			"from": [12.8, -6.32989, 4.88876],
			"to": [13.25, -0.37989, 5.33876],
			"rotation": {"angle": 22.5, "axis": "x", "origin": [13.025, -3.60489, 5.11376]},
			"faces": {
				"north": {"uv": [1.5, 5, 2, 8], "texture": "#1"},
				"east": {"uv": [2, 5, 2.5, 8], "texture": "#1"},
				"south": {"uv": [2.5, 5, 3, 8], "texture": "#1"},
				"west": {"uv": [3, 5, 3.5, 8], "texture": "#1"},
				"up": {"uv": [10, 7, 9.5, 6.5], "texture": "#1"},
				"down": {"uv": [7.5, 9.5, 7, 10], "texture": "#1"}
			}
		},
		{
			"name": "Base",
			"from": [2.8, -1.58683, 3.26043],
			"to": [3.25, -1.13683, 8.01043],
			"rotation": {"angle": -45, "axis": "x", "origin": [3.025, -1.36183, 6.73543]},
			"faces": {
				"north": {"uv": [7.5, 9.5, 8, 10], "texture": "#1"},
				"east": {"uv": [7, 6, 9.5, 6.5], "texture": "#1"},
				"south": {"uv": [9.5, 8.5, 10, 9], "texture": "#1"},
				"west": {"uv": [7, 6.5, 9.5, 7], "texture": "#1"},
				"up": {"uv": [7.5, 9.5, 7, 7], "texture": "#1"},
				"down": {"uv": [8, 7, 7.5, 9.5], "texture": "#1"}
			}
		},
		{
			"name": "Base",
			"from": [2.8, -6.32989, 4.88876],
			"to": [3.25, -0.37989, 5.33876],
			"rotation": {"angle": 22.5, "axis": "x", "origin": [3.025, -3.60489, 5.11376]},
			"faces": {
				"north": {"uv": [3.5, 5, 4, 8], "texture": "#1"},
				"east": {"uv": [4, 5, 4.5, 8], "texture": "#1"},
				"south": {"uv": [5, 5, 5.5, 8], "texture": "#1"},
				"west": {"uv": [5.5, 5, 6, 8], "texture": "#1"},
				"up": {"uv": [10, 9.5, 9.5, 9], "texture": "#1"},
				"down": {"uv": [10, 9.5, 9.5, 10], "texture": "#1"}
			}
		},
		{
			"name": "Base",
			"from": [3.2, -4, 1.3],
			"to": [12.8, -3.55, 1.75],
			"rotation": {"angle": -22.5, "axis": "x", "origin": [8.025, -5.275, 2.025]},
			"faces": {
				"north": {"uv": [0, 0, 4.5, 0.5], "texture": "#1"},
				"east": {"uv": [10, 0, 10.5, 0.5], "texture": "#1"},
				"south": {"uv": [0, 0.5, 4.5, 1], "texture": "#1"},
				"west": {"uv": [0.5, 10, 1, 10.5], "texture": "#1"},
				"up": {"uv": [4.5, 1.5, 0, 1], "texture": "#1"},
				"down": {"uv": [4.5, 1.5, 0, 2], "texture": "#1"}
			}
		},
		{
			"name": "Base",
			"from": [12.8, -4, 1.3],
			"to": [13.25, -3.55, 6.75],
			"rotation": {"angle": -22.5, "axis": "x", "origin": [8.275, -5.275, 2.025]},
			"faces": {
				"north": {"uv": [10, 0.5, 10.5, 1], "texture": "#1"},
				"east": {"uv": [1.5, 8, 4, 8.5], "texture": "#1"},
				"south": {"uv": [1, 10, 1.5, 10.5], "texture": "#1"},
				"west": {"uv": [8, 7, 10.5, 7.5], "texture": "#1"},
				"up": {"uv": [4.5, 10.5, 4, 8], "texture": "#1"},
				"down": {"uv": [5.5, 8, 5, 10.5], "texture": "#1"}
			}
		},
		{
			"name": "Base",
			"from": [2.8, -4, 1.3],
			"to": [3.25, -3.55, 6.75],
			"rotation": {"angle": -22.5, "axis": "x", "origin": [7.775, -5.275, 2.025]},
			"faces": {
				"north": {"uv": [10, 1.5, 10.5, 2], "texture": "#1"},
				"east": {"uv": [8, 7.5, 10.5, 8], "texture": "#1"},
				"south": {"uv": [10, 2, 10.5, 2.5], "texture": "#1"},
				"west": {"uv": [8, 8, 10.5, 8.5], "texture": "#1"},
				"up": {"uv": [6, 10.5, 5.5, 8], "texture": "#1"},
				"down": {"uv": [2, 8.5, 1.5, 11], "texture": "#1"}
			}
		},
		{
			"name": "Base",
			"from": [3.2, -5, 1.3],
			"to": [12.8, -4.55, 1.75],
			"rotation": {"angle": -22.5, "axis": "x", "origin": [8.025, -5.275, 2.025]},
			"faces": {
				"north": {"uv": [0, 2, 4.5, 2.5], "texture": "#1"},
				"east": {"uv": [10, 2.5, 10.5, 3], "texture": "#1"},
				"south": {"uv": [0, 2.5, 4.5, 3], "texture": "#1"},
				"west": {"uv": [10, 3, 10.5, 3.5], "texture": "#1"},
				"up": {"uv": [4.5, 3.5, 0, 3], "texture": "#1"},
				"down": {"uv": [4.5, 3.5, 0, 4], "texture": "#1"}
			}
		},
		{
			"name": "Base",
			"from": [12.8, -5, 1.3],
			"to": [13.25, -4.55, 4.75],
			"rotation": {"angle": -22.5, "axis": "x", "origin": [8.275, -5.275, 2.025]},
			"faces": {
				"north": {"uv": [3.5, 10, 4, 10.5], "texture": "#1"},
				"east": {"uv": [2, 8.5, 3.5, 9], "texture": "#1"},
				"south": {"uv": [10, 3.5, 10.5, 4], "texture": "#1"},
				"west": {"uv": [8.5, 5, 10, 5.5], "texture": "#1"},
				"up": {"uv": [4, 10, 3.5, 8.5], "texture": "#1"},
				"down": {"uv": [5, 8.5, 4.5, 10], "texture": "#1"}
			}
		},
		{
			"name": "Base",
			"from": [2.8, -5, 1.3],
			"to": [3.25, -4.55, 4.75],
			"rotation": {"angle": -22.5, "axis": "x", "origin": [7.775, -5.275, 2.025]},
			"faces": {
				"north": {"uv": [10, 4, 10.5, 4.5], "texture": "#1"},
				"east": {"uv": [8.5, 5.5, 10, 6], "texture": "#1"},
				"south": {"uv": [4.5, 10, 5, 10.5], "texture": "#1"},
				"west": {"uv": [8, 8.5, 9.5, 9], "texture": "#1"},
				"up": {"uv": [6.5, 10, 6, 8.5], "texture": "#1"},
				"down": {"uv": [7, 8.5, 6.5, 10], "texture": "#1"}
			}
		},
		{
			"name": "Base",
			"from": [3.2, -7, 1.3],
			"to": [12.8, -6.55, 1.75],
			"rotation": {"angle": -22.5, "axis": "x", "origin": [8.025, -5.275, 2.025]},
			"faces": {
				"north": {"uv": [0, 4, 4.5, 4.5], "texture": "#1"},
				"east": {"uv": [10, 4.5, 10.5, 5], "texture": "#1"},
				"south": {"uv": [0, 4.5, 4.5, 5], "texture": "#1"},
				"west": {"uv": [10, 5, 10.5, 5.5], "texture": "#1"},
				"up": {"uv": [9, 0.5, 4.5, 0], "texture": "#1"},
				"down": {"uv": [9, 0.5, 4.5, 1], "texture": "#1"}
			}
		},
		{
			"name": "Base",
			"from": [12.8, -7, 1.3],
			"to": [13.25, -6.55, 3.75],
			"rotation": {"angle": -22.5, "axis": "x", "origin": [8.275, -5.275, 2.025]},
			"faces": {
				"north": {"uv": [10, 5.5, 10.5, 6], "texture": "#1"},
				"east": {"uv": [9, 3, 10, 3.5], "texture": "#1"},
				"south": {"uv": [6, 10, 6.5, 10.5], "texture": "#1"},
				"west": {"uv": [9, 3.5, 10, 4], "texture": "#1"},
				"up": {"uv": [0.5, 10.5, 0, 9.5], "texture": "#1"},
				"down": {"uv": [10, 0, 9.5, 1], "texture": "#1"}
			}
		},
		{
			"name": "Base",
			"from": [2.8, -7, 1.3],
			"to": [3.25, -6.55, 3.75],
			"rotation": {"angle": -22.5, "axis": "x", "origin": [7.775, -5.275, 2.025]},
			"faces": {
				"north": {"uv": [10, 6, 10.5, 6.5], "texture": "#1"},
				"east": {"uv": [0.5, 9.5, 1.5, 10], "texture": "#1"},
				"south": {"uv": [6.5, 10, 7, 10.5], "texture": "#1"},
				"west": {"uv": [9.5, 1, 10.5, 1.5], "texture": "#1"},
				"up": {"uv": [10, 2.5, 9.5, 1.5], "texture": "#1"},
				"down": {"uv": [10, 4, 9.5, 5], "texture": "#1"}
			}
		},
		{
			"name": "Base",
			"from": [11.8, -7, 1.8],
			"to": [12.25, -3.55, 2],
			"rotation": {"angle": -22.5, "axis": "x", "origin": [8.025, -5.275, 2.025]},
			"faces": {
				"north": {"uv": [9, 0, 9.5, 1.5], "texture": "#1"},
				"east": {"uv": [0, 0, 0, 1.5], "texture": "#1"},
				"south": {"uv": [9, 1.5, 9.5, 3], "texture": "#1"},
				"west": {"uv": [0, 0, 0, 1.5], "texture": "#1"},
				"up": {"uv": [0.5, 0, 0, 0], "texture": "#1"},
				"down": {"uv": [0.5, 0, 0, 0], "texture": "#1"}
			}
		},
		{
			"name": "Base",
			"from": [3.8, -7, 1.8],
			"to": [4.25, -3.55, 2],
			"rotation": {"angle": -22.5, "axis": "x", "origin": [8.025, -5.275, 2.025]},
			"faces": {
				"north": {"uv": [2, 9, 2.5, 10.5], "texture": "#1"},
				"east": {"uv": [0, 0, 0, 1.5], "texture": "#1"},
				"south": {"uv": [2.5, 9, 3, 10.5], "texture": "#1"},
				"west": {"uv": [0, 0, 0, 1.5], "texture": "#1"},
				"up": {"uv": [0.5, 0, 0, 0], "texture": "#1"},
				"down": {"uv": [0.5, 0, 0, 0], "texture": "#1"}
			}
		},
		{
			"name": "Base",
			"from": [9.8, -7, 1.8],
			"to": [10.25, -3.55, 2],
			"rotation": {"angle": -22.5, "axis": "x", "origin": [8.025, -5.275, 2.025]},
			"faces": {
				"north": {"uv": [3, 9, 3.5, 10.5], "texture": "#1"},
				"east": {"uv": [0, 0, 0, 1.5], "texture": "#1"},
				"south": {"uv": [8, 9, 8.5, 10.5], "texture": "#1"},
				"west": {"uv": [0, 0, 0, 1.5], "texture": "#1"},
				"up": {"uv": [0.5, 0, 0, 0], "texture": "#1"},
				"down": {"uv": [0.5, 0, 0, 0], "texture": "#1"}
			}
		},
		{
			"name": "Base",
			"from": [5.8, -7, 1.8],
			"to": [6.25, -3.55, 2],
			"rotation": {"angle": -22.5, "axis": "x", "origin": [8.025, -5.275, 2.025]},
			"faces": {
				"north": {"uv": [8.5, 9, 9, 10.5], "texture": "#1"},
				"east": {"uv": [0, 0, 0, 1.5], "texture": "#1"},
				"south": {"uv": [9, 9, 9.5, 10.5], "texture": "#1"},
				"west": {"uv": [0, 0, 0, 1.5], "texture": "#1"},
				"up": {"uv": [0.5, 0, 0, 0], "texture": "#1"},
				"down": {"uv": [0.5, 0, 0, 0], "texture": "#1"}
			}
		},
		{
			"name": "Base",
			"from": [3.2, -0.75, 1.3],
			"to": [12.85, -0.3, 1.75],
			"rotation": {"angle": 0, "axis": "y", "origin": [7.15, -1.9, 5.9]},
			"faces": {
				"north": {"uv": [4.5, 1, 9, 1.5], "texture": "#1"},
				"east": {"uv": [10, 6.5, 10.5, 7], "texture": "#1"},
				"south": {"uv": [4.5, 1.5, 9, 2], "texture": "#1"},
				"west": {"uv": [7, 10, 7.5, 10.5], "texture": "#1"},
				"up": {"uv": [9, 2.5, 4.5, 2], "texture": "#1"},
				"down": {"uv": [9, 2.5, 4.5, 3], "texture": "#1"}
			}
		},
		{
			"name": "Base",
			"from": [12.8, -0.75, 1.3],
			"to": [13.25, -0.3, 10.75],
			"rotation": {"angle": 0, "axis": "z", "origin": [13.275, -5.025, 4.025]},
			"faces": {
				"north": {"uv": [7.5, 10, 8, 10.5], "texture": "#1"},
				"east": {"uv": [4.5, 3, 9, 3.5], "texture": "#1"},
				"south": {"uv": [10, 8.5, 10.5, 9], "texture": "#1"},
				"west": {"uv": [4.5, 3.5, 9, 4], "texture": "#1"},
				"up": {"uv": [5, 8.5, 4.5, 4], "texture": "#1"},
				"down": {"uv": [0.5, 5, 0, 9.5], "texture": "#1"}
			}
		},
		{
			"name": "Base",
			"from": [2.8, -0.75, 1.3],
			"to": [3.25, -0.3, 10.75],
			"rotation": {"angle": 0, "axis": "z", "origin": [3.775, -5.025, 4.025]},
			"faces": {
				"north": {"uv": [10, 9, 10.5, 9.5], "texture": "#1"},
				"east": {"uv": [5, 4, 9.5, 4.5], "texture": "#1"},
				"south": {"uv": [9.5, 10, 10, 10.5], "texture": "#1"},
				"west": {"uv": [5, 4.5, 9.5, 5], "texture": "#1"},
				"up": {"uv": [1, 9.5, 0.5, 5], "texture": "#1"},
				"down": {"uv": [1.5, 5, 1, 9.5], "texture": "#1"}
			}
		},
		{
			"name": "Base",
			"from": [12.3, -10.5, 4.05],
			"to": [12.75, -6.05, 5],
			"rotation": {"angle": 0, "axis": "z", "origin": [12.775, -9.775, 3.775]},
			"faces": {
				"north": {"uv": [0, 0, 1, 4], "texture": "#2"},
				"east": {"uv": [1, 0, 2, 4], "texture": "#2"},
				"south": {"uv": [2, 0, 3, 4], "texture": "#2"},
				"west": {"uv": [3, 0, 4, 4], "texture": "#2"},
				"up": {"uv": [5, 3, 4, 2], "texture": "#2"},
				"down": {"uv": [4, 4, 3, 5], "texture": "#2"}
			}
		},
		{
			"name": "Base",
			"from": [3.3, -8.5, 4.05],
			"to": [3.75, -6.05, 5],
			"rotation": {"angle": 0, "axis": "z", "origin": [3.775, -9.775, 3.775]},
			"faces": {
				"north": {"uv": [0, 4, 1, 6], "texture": "#2"},
				"east": {"uv": [4, 0, 5, 2], "texture": "#2"},
				"south": {"uv": [1, 4, 2, 6], "texture": "#2"},
				"west": {"uv": [2, 4, 3, 6], "texture": "#2"},
				"up": {"uv": [5, 4, 4, 3], "texture": "#2"},
				"down": {"uv": [5, 4, 4, 5], "texture": "#2"}
			}
		}
	],
	"display": {
		"thirdperson_righthand": {
			"translation": [0, 7.25, 0],
			"scale": [0.5, 0.5, 0.5]
		},
		"thirdperson_lefthand": {
			"translation": [0, 8.5, 0],
			"scale": [0.5, 0.5, 0.5]
		},
		"firstperson_righthand": {
			"translation": [2, 6.5, 0],
			"scale": [0.5, 0.5, 0.5]
		},
		"firstperson_lefthand": {
			"translation": [2, 6, 0],
			"scale": [0.5, 0.5, 0.5]
		},
		"ground": {
			"translation": [0, 13.5, 0]
		},
		"gui": {
			"rotation": [180, -2.5, 180],
			"translation": [0, 12, 0]
		},
		"head": {
			"translation": [0, 17, 0],
			"scale": [1.6, 1.6, 1.6]
		},
		"fixed": {
			"translation": [0, 12, 0]
		}
	},
	"groups": [
		{
			"name": "helmet",
			"origin": [12.775, -2.775, 8.025],
			"color": 0,
			"children": [0, 1, 2, 3, 4, 5]
		},
		{
			"name": "visor",
			"origin": [4.275, -2.775, 8.025],
			"color": 0,
			"children": [
				{
					"name": "hinge",
					"origin": [3.275, -3.35489, 5.11376],
					"color": 0,
					"children": [6, 7, 8, 9]
				},
				{
					"name": "jaw",
					"origin": [4.275, -2.775, 8.025],
					"color": 0,
					"children": [
						{
							"name": "Base",
							"origin": [4.275, -2.775, 8.025],
							"color": 0,
							"children": [10, 11, 12]
						},
						{
							"name": "Base",
							"origin": [4.275, -2.775, 8.025],
							"color": 0,
							"children": [13, 14, 15]
						},
						{
							"name": "Base",
							"origin": [4.275, -2.775, 8.025],
							"color": 0,
							"children": [16, 17, 18]
						},
						{
							"name": "Base",
							"origin": [6.025, -4.025, 2.025],
							"color": 0,
							"children": [19, 20, 21, 22]
						}
					]
				},
				{
					"name": "visor",
					"origin": [4.275, -2.775, 8.025],
					"color": 0,
					"children": [23, 24, 25]
				}
			]
		},
		{
			"name": "Straps",
			"origin": [3.775, -9.775, 3.775],
			"color": 0,
			"children": [26, 27]
		}
	]
}