{
	"credit": "LayerStack - Tim Bennett 2024",
	"texture_size": [32, 32],
	"textures": {
		"0": "template:item/fez/fez",
		"particle": "template:item/fez/fez"
	},
	"elements": [
		{
			"from": [7.3, 0.1, 7.3],
			"to": [12.75, 6.05, 12.75],
			"rotation": {"angle": 0, "axis": "y", "origin": [9.15, 0.45, 9.9]},
			"faces": {
				"north": {"uv": [0, 0, 2.5, 3], "texture": "#0"},
				"east": {"uv": [2.5, 0, 5, 3], "texture": "#0"},
				"south": {"uv": [0, 3, 2.5, 6], "texture": "#0"},
				"west": {"uv": [2.5, 3, 5, 6], "texture": "#0"},
				"up": {"uv": [7.5, 8.5, 5, 6], "texture": "#0"},
				"down": {"uv": [10, 0, 7.5, 2.5], "texture": "#0"}
			}
		},
		{
			"from": [7.9, 3.7, 7.9],
			"to": [12.15, 8.45, 12.15],
			"rotation": {"angle": 0, "axis": "y", "origin": [9.15, 3.45, 9.9]},
			"faces": {
				"north": {"uv": [5, 0, 7.5, 3], "texture": "#0"},
				"east": {"uv": [5, 3, 7.5, 6], "texture": "#0"},
				"south": {"uv": [0, 6, 2.5, 9], "texture": "#0"},
				"west": {"uv": [2.5, 6, 5, 9], "texture": "#0"},
				"up": {"uv": [10, 5, 7.5, 2.5], "texture": "#0"},
				"down": {"uv": [10, 5, 7.5, 7.5], "texture": "#0"}
			}
		},
		{
			"from": [10.15, 4.7, 9.9],
			"to": [12.4, 8.95, 10.15],
			"rotation": {"angle": 0, "axis": "y", "origin": [11.275, 6.825, 10.025]},
			"faces": {
				"north": {"uv": [7.5, 7.5, 9, 10], "texture": "#0"},
				"east": {"uv": [6.5, 8.5, 7, 11], "texture": "#0"},
				"south": {"uv": [5, 8.5, 6.5, 11], "texture": "#0"},
				"west": {"uv": [7, 8.5, 7.5, 11], "texture": "#0"},
				"up": {"uv": [10.5, 8, 9, 7.5], "texture": "#0"},
				"down": {"uv": [10.5, 8, 9, 8.5], "texture": "#0"}
			}
		},
		{
			"from": [11.15, 2.45, 9.9],
			"to": [13, 6.45, 10.15],
			"rotation": {"angle": 0, "axis": "y", "origin": [12.275, 4.325, 10.025]},
			"faces": {
				"north": {"uv": [0, 9, 1.5, 11.5], "texture": "#0"},
				"east": {"uv": [3, 9, 3.5, 11.5], "texture": "#0"},
				"south": {"uv": [1.5, 9, 3, 11.5], "texture": "#0"},
				"west": {"uv": [3.5, 9, 4, 11.5], "texture": "#0"},
				"up": {"uv": [10.5, 9, 9, 8.5], "texture": "#0"},
				"down": {"uv": [10.5, 9, 9, 9.5], "texture": "#0"}
			}
		},
		{
			"from": [12.95, 0.45, 10.1],
			"to": [13.3, 2.45, 10.35],
			"rotation": {"angle": 0, "axis": "y", "origin": [14.075, 4.325, 10.225]},
			"faces": {
				"north": {"uv": [4, 9, 4.5, 10.5], "texture": "#0"},
				"east": {"uv": [4.5, 9, 5, 10.5], "texture": "#0"},
				"south": {"uv": [9, 9.5, 9.5, 11], "texture": "#0"},
				"west": {"uv": [9.5, 9.5, 10, 11], "texture": "#0"},
				"up": {"uv": [10.5, 6.5, 10, 6], "texture": "#0"},
				"down": {"uv": [10.5, 6.5, 10, 7], "texture": "#0"}
			}
		},
		{
			"from": [12.95, 0.45, 10.5],
			"to": [13.3, 2.45, 10.75],
			"rotation": {"angle": 0, "axis": "y", "origin": [14.075, 4.325, 10.625]},
			"faces": {
				"north": {"uv": [4, 9, 4.5, 10.5], "texture": "#0"},
				"east": {"uv": [4.5, 9, 5, 10.5], "texture": "#0"},
				"south": {"uv": [9, 9.5, 9.5, 11], "texture": "#0"},
				"west": {"uv": [9.5, 9.5, 10, 11], "texture": "#0"},
				"up": {"uv": [10.5, 6.5, 10, 6], "texture": "#0"},
				"down": {"uv": [10.5, 6.5, 10, 7], "texture": "#0"}
			}
		},
		{
			"from": [12.95, 0.45, 9.7],
			"to": [13.3, 2.45, 9.95],
			"rotation": {"angle": 0, "axis": "y", "origin": [14.075, 4.325, 9.825]},
			"faces": {
				"north": {"uv": [4, 9, 4.5, 10.5], "texture": "#0"},
				"east": {"uv": [4.5, 9, 5, 10.5], "texture": "#0"},
				"south": {"uv": [9, 9.5, 9.5, 11], "texture": "#0"},
				"west": {"uv": [9.5, 9.5, 10, 11], "texture": "#0"},
				"up": {"uv": [10.5, 6.5, 10, 6], "texture": "#0"},
				"down": {"uv": [10.5, 6.5, 10, 7], "texture": "#0"}
			}
		},
		{
			"from": [13.45, 0.7, 9.9],
			"to": [13.8, 2.7, 10.15],
			"rotation": {"angle": 22.5, "axis": "z", "origin": [13.625, 1.7, 10.025]},
			"faces": {
				"north": {"uv": [4, 9, 4.5, 10.5], "texture": "#0"},
				"east": {"uv": [4.5, 9, 5, 10.5], "texture": "#0"},
				"south": {"uv": [9, 9.5, 9.5, 11], "texture": "#0"},
				"west": {"uv": [9.5, 9.5, 10, 11], "texture": "#0"},
				"up": {"uv": [10.5, 6.5, 10, 6], "texture": "#0"},
				"down": {"uv": [10.5, 6.5, 10, 7], "texture": "#0"}
			}
		}
	],
	"display": {
		"thirdperson_righthand": {
			"translation": [0, 4, 0],
			"scale": [0.5, 0.5, 0.5]
		},
		"thirdperson_lefthand": {
			"translation": [0, 4, 0],
			"scale": [0.5, 0.5, 0.5]
		},
		"firstperson_righthand": {
			"translation": [2, 4.75, 0],
			"scale": [0.5, 0.5, 0.5]
		},
		"firstperson_lefthand": {
			"translation": [2, 4.75, 0],
			"scale": [0.5, 0.5, 0.5]
		},
		"ground": {
			"translation": [0, 4.5, 0]
		},
		"gui": {
			"rotation": [0, 180, 0],
			"translation": [3.5, 5, 0],
			"scale": [1.4, 1.4, 1.4]
		},
		"head": {
			"translation": [0, 15.25, 0],
			"scale": [1.6, 1.6, 1.6]
		},
		"fixed": {
			"rotation": [0, 88.5, 0],
			"translation": [-2.25, 4, 0]
		}
	}
}